{"type": "FeatureCollection", "features": [{"type": "Feature", "properties": {"GACCAbbreviation": "AICC", "DispUnitIDs": ["USAKACDC", "USAKCGFC", "USAKNFDC", "USAKTNFC", "USAKYFDC"]}, "geometry": {"type": "MultiPolygon", "coordinates": [[[[-140.520447139352, 60.2198222074942], [-140.458228192776, 60.3080882141925], [-139.981116080794, 60.1819692950817], [-139.693003160867, 60.3352273357695], [-139.074841128749, 60.3525084340882], [-139.072149107035, 60.3194324356137], [-139.198867967317, 60.0882994230353], [-139.061556126262, 59.9999023057706], [-138.707399816195, 59.9063285069668], [-138.668670752779, 59.8096605161096], [-138.626223724018, 59.7685835240921], [-137.607377324636, 59.2438066993471], [-137.50002116352, 58.9853987229025], [-137.526445120002, 58.9068377208378], [-137.447404115035, 58.9095167330361], [-137.264773153796, 59.0023557590271], [-136.826654207687, 59.1583928232821], [-136.58154218979, 59.164912861267], [-136.488423237287, 59.2592938735289], [-136.495778247372, 59.2751358720078], [-136.469268250295, 59.2840828759276], [-136.47717735997, 59.4658278703597], [-136.362528340177, 59.4503778886516], [-136.30504334342, 59.4645218973019], [-136.238525373433, 59.5243299062964], [-136.23985139485, 59.5594159052635], [-136.353957430006, 59.5998308864316], [-136.192925439622, 59.6400309107127], [-135.952666430512, 59.6621699478498], [-135.47918246807, 59.7980450190258], [-135.360130419005, 59.7376190389951], [-135.233689380891, 59.6961470596662], [-135.219866359096, 59.6627800625272], [-135.157611330221, 59.6257240730249], [-135.117854324582, 59.6230740792885], [-135.028924279474, 59.5636630943747], [-135.027583225673, 59.4747420963664], [-135.101041204782, 59.4275350858769], [-134.989766169315, 59.3871331039837], [-135.03054614914, 59.3463520984489], [-134.959926103105, 59.2809301106864], [-134.700737057586, 59.2490151514636], [-134.679138021926, 59.1922791558523], [-134.565586974253, 59.1311281745131], [-134.483415965922, 59.1316071871961], [-134.381897901155, 59.0387672044715], [-134.407169869346, 58.9792142015974], [-134.313751849668, 58.9622232162623], [-134.33648482973, 58.923418213416], [-134.258094785646, 58.8610402264932], [-133.840527665875, 58.7294482925332], [-133.707138585344, 58.6122783146085], [-133.377323447801, 58.4305523672501], [-133.461524433581, 58.3877273550249], [-133.34545235965, 58.2763363740259], [-133.172331273694, 58.1536804016555], [-133.076441180281, 57.9997664178331], [-132.869338073643, 57.8429454505545], [-132.553704857385, 57.4965185007889], [-132.363003756538, 57.3420155302629], [-132.247940677227, 57.2112575481727], [-132.369002631587, 57.091517531121], [-132.045210570634, 57.045063579035], [-132.123587495613, 56.8736525684781], [-131.87289543306, 56.8059996054854], [-131.901091411054, 56.7536796016007], [-131.860688381788, 56.7029886077131], [-131.835346328972, 56.5992076118204], [-131.581086304786, 56.612236648746], [-131.472047263209, 56.5526706647523], [-131.087368146838, 56.4060097207112], [-130.782000090478, 56.3668487647844], [-130.623327023933, 56.2668827875879], [-130.467888993182, 56.2430578098867], [-130.426024941055, 56.1415658157486], [-130.246248897362, 56.0964198413793], [-130.103816891065, 56.1228028617977], [-130.003503825744, 56.0080798757802], [-130.0176977841, 55.9119498734428], [-130.003803780269, 55.907446875403], [-130.152424736146, 55.7662918538136], [-130.147776712659, 55.7149078542952], [-130.111675693812, 55.6829058592924], [-130.127922650883, 55.5810398566044], [-130.08987160955, 55.4979828616336], [-130.041234583105, 55.4517298682828], [-130.021125531111, 55.3379208705729], [-129.974185500922, 55.2819238768782], [-130.102860479062, 55.192606858386], [-130.187580434547, 55.0628458458752], [-130.344555393541, 54.9188178232404], [-130.568221368406, 54.7921577914839], [-130.659056367499, 54.7630627787161], [-130.625739353014, 54.7380777832357], [-130.647928318843, 54.648910779737], [-130.726613337172, 54.6699277689138], [-131.203092403621, 54.6913217027518], [-132.004826493471, 54.682452590954], [-133.648921650887, 54.6320493608573], [-133.741584740594, 54.8229263468485], [-133.790546821265, 55.0005853389082], [-133.611499878594, 55.1764633632591], [-133.691239896434, 55.1984773517921], [-133.707627911575, 55.229375349268], [-133.775641941684, 55.2822493392404], [-133.778467958345, 55.3196203385874], [-133.761394968279, 55.3462653408433], [-133.771616990493, 55.394327339056], [-133.873936003026, 55.3988443244041], [-133.907172021973, 55.4340073193946], [-133.897875032123, 55.4590793205386], [-133.861400037941, 55.4806433256], [-133.798265099531, 55.6332353335153], [-133.867520117512, 55.6573293233805], [-133.887700131437, 55.683643320272], [-133.87958114495, 55.7154553211869], [-133.831803151792, 55.7415143278573], [-133.848537163432, 55.7633993252736], [-133.837997175906, 55.7933013265526], [-133.936583178227, 55.7760013124844], [-133.995903193037, 55.7952053037702], [-134.026997240371, 55.8920042984395], [-134.046628223401, 55.85048129597], [-134.192046166726, 55.6930572763941], [-134.421049214828, 55.7486352428657], [-134.569389254693, 55.8040142208874], [-134.629072278628, 55.8435962118418], [-134.645704293017, 55.871476209137], [-134.63201530418, 55.8987592108264], [-134.512524318673, 55.9559412275353], [-134.494192337015, 55.999642229734], [-134.666415422807, 56.1475902030708], [-134.846027480898, 56.2339591758594], [-135.859919944354, 56.9924040153455], [-136.45444743026, 57.8306799103183], [-136.644641475303, 57.883771880354], [-136.662136496409, 57.9203118769187], [-136.651150534989, 57.9937808770161], [-136.679168548497, 58.0142698723104], [-136.650261593895, 58.1026328748018], [-136.51028860929, 58.1534678950574], [-136.515448624569, 58.1805868936888], [-136.658414618052, 58.1456498726221], [-136.814432655204, 58.1887938478424], [-136.880758694968, 58.2507848363033], [-136.974858727997, 58.29604782086], [-137.014520758102, 58.3443148136623], [-137.072373751544, 58.3236238052741], [-137.120317758945, 58.3296667977804], [-137.602585917423, 58.5417517184294], [-137.720630943388, 58.5708606994763], [-137.762238961238, 58.5965056923896], [-137.775958987452, 58.6407576891173], [-137.996061066996, 58.7495086521723], [-138.029312101793, 58.8055046455009], [-138.011543119538, 58.8386826473557], [-138.021488133481, 58.8614526451916], [-138.278969234343, 59.0004536012846], [-138.637723307917, 59.079648543047], [-138.967027410109, 59.2115504875801], [-139.390289503217, 59.3173864178663], [-139.902856646936, 59.4979863312159], [-140.322795947117, 59.6258724844352], [-140.425118777678, 59.65703324313], [-140.912894832383, 59.6984581643176], [-141.939670054448, 59.9640409906249], [-142.578009135481, 60.043522885336], [-142.826067151301, 60.0511048453297], [-143.117063143367, 60.0195028001585], [-143.539473147516, 59.9999417334682], [-143.895232123992, 59.9426496792077], [-144.03360911418, 59.9196736581614], [-144.144100117737, 59.9194546405181], [-144.410531017219, 59.746276606178], [-144.542204004384, 59.7193235864901], [-144.67679201338, 59.7273975646703], [-144.778125048288, 59.7785655460499], [-144.777820080558, 59.8299375436035], [-144.539706187906, 60.0101515729398], [-144.607299233582, 60.0783495588189], [-144.776037271416, 60.129594529264], [-145.09799729075, 60.1461144767832], [-145.317709317916, 60.1796934398196], [-145.824345417213, 60.315119351383], [-145.976590419873, 60.3146543268955], [-146.939301297654, 60.1038501835685], [-147.101962284934, 60.0813391587358], [-147.241762233134, 59.998319140977], [-147.271151211175, 59.9634391382279], [-147.280986157545, 59.8787281413985], [-147.33484912971, 59.833876135312], [-147.520868093571, 59.7740811090128], [-147.687262074343, 59.7416820843408], [-147.956461077129, 59.7441330413265], [-148.039679092994, 59.769049026628], [-148.218528160437, 59.8756419918863], [-148.437246171438, 59.8928119559601], [-148.980224170787, 59.8937228692434], [-149.269647138739, 59.8454218260493], [-149.467526067327, 59.7337688014643], [-149.621321938387, 59.5275177899106], [-150.992215709223, 59.1808385959709], [-151.444194651549, 59.0996885304854], [-153.021201549322, 59.0024532907325], [-153.184107487183, 58.9057302723583], [-153.151668460382, 58.8575622808973], [-153.167050439862, 58.8230202810106], [-153.202521426092, 58.8013342770748], [-153.165946406456, 58.7649852853881], [-153.186985385251, 58.7293462847076], [-153.244819370666, 58.70747127733], [-153.318042371175, 58.712963265583], [-153.371602346538, 58.6732762601821], [-153.478797324575, 58.6416952459036], [-153.447041301161, 58.5984102539853], [-153.461503286003, 58.5726092536396], [-153.515171270305, 58.5483982471259], [-153.592689263905, 58.542254235611], [-153.628024243407, 58.5082982326602], [-153.692382232603, 58.4935072238279], [-153.810677240278, 58.5153872039694], [-153.821091224344, 58.487800204413], [-153.881815204352, 58.4565001973867], [-153.858578159335, 58.3742752070778], [-153.926009126353, 58.3197962007715], [-153.970059120652, 58.3127251945361], [-154.039061072335, 58.2303631901069], [-154.058992041209, 58.1752071911807], [-154.10893902316, 58.1460111857256], [-154.133674997088, 58.1001421853838], [-154.211821983011, 58.080289174939], [-154.265543957895, 58.0382291699075], [-154.390764931458, 57.9993021537579], [-154.709009908143, 57.9822961065916], [-154.800949891453, 57.9591490943833], [-154.893823900269, 57.9835420783758], [-154.940762893494, 57.975072071892], [-154.994037830957, 57.8631890724698], [-155.043545801524, 57.8123910689061], [-155.099442787604, 57.7912410620835], [-155.160881784286, 57.7905890528315], [-155.150080763308, 57.7500230576301], [-155.245808722526, 57.6815960485049], [-155.277023718107, 57.6761130442204], [-155.3004176995, 57.6428950432923], [-155.360934687133, 57.6250300355659], [-155.459884688783, 57.6376490196515], [-155.639506661075, 57.6022679953838], [-155.645523619132, 57.5223590008246], [-155.667980610699, 57.5083529985615], [-155.844505595817, 57.4975139729058], [-155.939778547025, 57.4128709653971], [-156.09837552146, 57.3798489443021], [-156.167216500257, 57.3458529367515], [-156.247061443814, 57.243776933101], [-156.214526420995, 57.1951809418944], [-156.227831403728, 57.1624559425651], [-156.31650337013, 57.1055029339935], [-156.328631193294, 56.7500009610944], [-158.000019572881, 55.6394448111158], [-159.44688747079, 55.6385316047486], [-159.521536448445, 55.6008945975653], [-159.505065430756, 55.5581086038066], [-159.53817241673, 55.5320066014898], [-159.951157374136, 55.507583545226], [-160.002064348865, 55.4590815425238], [-160.041181341316, 55.4488795379445], [-160.059316325615, 55.4162085384205], [-160.050563317402, 55.3957775415547], [-159.996386319238, 55.3901945497163], [-159.932602301105, 55.3369815636414], [-159.883574308489, 55.3451985697938], [-159.804233305423, 55.3239755829389], [-159.76682029492, 55.2930855910559], [-159.737911266575, 55.2222876016352], [-159.609077296008, 55.2677906156056], [-159.544354327162, 55.3284076191968], [-159.482620335228, 55.3362946271949], [-159.41532633117, 55.3153816386002], [-159.39740931734, 55.2804156443042], [-159.39951230826, 55.2597936458793], [-159.419812302474, 55.2498966439154], [-159.427098280908, 55.2011466473173], [-159.404694264773, 55.1597416542308], [-159.410905248777, 55.1234966566473], [-159.233442251174, 55.0986426838456], [-159.209208243795, 55.0772496891807], [-159.20322322977, 55.043344693076], [-159.250159207127, 54.9981006905673], [-159.141630199051, 54.9605357091683], [-159.113275188311, 54.9303307158548], [-159.13271416802, 54.8855317171547], [-159.226620134022, 54.8206797098588], [-159.277376126382, 54.8112107036248], [-159.362316127354, 54.8283156902188], [-159.431802149911, 54.8941976745365], [-159.50327714738, 54.9007556639488], [-159.541462154311, 54.9239556564965], [-159.543271176314, 54.9763696514641], [-159.564840181063, 54.9913956470731], [-159.676575170896, 54.9872396318103], [-159.724522180207, 55.0177936222955], [-159.734754167758, 54.9902456233927], [-159.774007155571, 54.9684936199007], [-159.775754142501, 54.9378386224755], [-159.816061127507, 54.9095326194506], [-159.875046120763, 54.9042426117049], [-159.952995125329, 54.9293845985016], [-159.986838106666, 54.8912185973142], [-160.03450709809, 54.8796045917458], [-160.093995097965, 54.8903795824537], [-160.11305608162, 54.8549215830974], [-160.15544106747, 54.8290195796106], [-160.207744054312, 54.807342574359], [-160.25812505014, 54.8068895673982], [-160.315800060739, 54.843288555971], [-160.343200079916, 54.8943585473684], [-160.343412095226, 54.9308815439114], [-160.297676118075, 54.9764745460131], [-160.292876128674, 55.0006745444157], [-160.2443831418, 55.0225755491381], [-160.261938145749, 55.0352015455039], [-160.285337181857, 55.1245565338641], [-160.149698223375, 55.1963765461669], [-160.130111243099, 55.2386755449748], [-160.156013247563, 55.2538135399239], [-160.203596279181, 55.33577552558], [-160.238985278299, 55.3402755201775], [-160.215813266305, 55.3082805264302], [-160.242555235174, 55.2410555289576], [-160.278388216849, 55.2050745272959], [-160.366851206046, 55.1964755156954], [-160.376925191941, 55.1654205172017], [-160.446942161858, 55.1081745127874], [-160.430945144751, 55.0648625191029], [-160.460856130033, 55.0358455176586], [-160.519488120734, 55.0251235104864], [-160.573279121359, 55.0369825018592], [-160.607695144561, 55.098361491242], [-160.709711141961, 55.1120554756892], [-160.786375118085, 55.0708154689126], [-160.836794112746, 55.0681514621337], [-160.899695118997, 55.095350450759], [-160.905083145802, 55.1594544438707], [-160.941496155113, 55.1884884360004], [-160.922382177941, 55.2380584339243], [-160.943964187169, 55.2638254284334], [-160.953443212853, 55.3253674212042], [-160.859025261782, 55.4198744254144], [-160.907924257856, 55.4203744184913], [-161.239535176673, 55.2984583837164], [-161.18562917589, 55.2857613924891], [-161.090008197423, 55.3166484028986], [-161.031121193038, 55.2947434132573], [-161.012944180945, 55.2629954188545], [-161.05864915867, 55.2201254165826], [-161.155524151354, 55.2224624028149], [-161.248527130839, 55.1932583926483], [-161.246520102807, 55.1269753993485], [-161.272274089174, 55.1000893983653], [-161.375407075569, 55.0891573850682], [-161.417745062424, 55.0668213813526], [-161.353166048156, 55.0195963949254], [-161.359541035767, 54.991451396776], [-161.384900026217, 54.9739643949565], [-161.470105008611, 54.9497293854991], [-161.584599006148, 54.967949367845], [-161.672299994714, 54.9592463565455], [-161.666699982204, 54.9281163603795], [-161.717295964198, 54.895744356562], [-161.652421961361, 54.875039367568], [-161.630090948933, 54.8403463740598], [-161.576756942814, 54.8142103839896], [-161.566348931545, 54.7847533883112], [-161.590332915028, 54.7498473884212], [-161.639862905018, 54.7361593829357], [-161.698385904477, 54.747442373762], [-161.841034865899, 54.6845163603291], [-161.935855861759, 54.6952413462314], [-161.964688868046, 54.7169353401153], [-162.05659085461, 54.7045323287148], [-162.028538838585, 54.6591203370856], [-162.048039825712, 54.631914337116], [-162.104864814983, 54.6182863306809], [-162.240491811592, 54.6405283098673], [-162.252752795342, 54.6033683119099], [-162.321888777773, 54.5758263052108], [-162.321810760019, 54.5319323096295], [-162.365053746228, 54.5076933061592], [-162.428530740314, 54.5076692974967], [-162.479833748941, 54.5409322871377], [-162.464191769259, 54.5875242845726], [-162.490366780949, 54.6223772774745], [-162.459895801778, 54.6665242771902], [-162.526258807029, 54.6946872652536], [-162.554949826686, 54.7493442557913], [-162.533160839939, 54.7766122560235], [-162.483103851288, 54.7927242612707], [-162.599998854263, 54.8268122417611], [-162.618951860057, 54.8452282372894], [-162.614620873971, 54.8778982345726], [-162.578912890059, 54.9085232363844], [-162.64301589424, 54.9333222250423], [-162.732606870073, 54.8957632165278], [-162.790815861591, 54.8888162092311], [-162.804260851015, 54.8663722096722], [-162.846831839494, 54.8484272056571], [-162.893921833202, 54.8442381996209], [-162.967819841799, 54.8825161855549], [-163.063218831212, 54.8795181727663], [-163.079410819029, 54.8538381731872], [-163.137316803436, 54.8298151677243], [-163.141756799067, 54.8202511681023], [-163.070865793112, 54.7887391810576], [-162.968624770372, 54.7087022032709], [-162.954794751813, 54.6598152101743], [-163.025651725183, 54.6111552054981], [-163.225114708092, 54.6172871776767], [-163.435900681272, 54.6028131504824], [-163.50109966634, 54.5820111437855], [-163.526198651604, 54.5516621435441], [-163.564071642939, 54.5395921396638], [-163.757890636283, 54.5720291099601], [-164.122689592162, 54.5561190622112], [-164.23617956493, 54.5178120509487], [-164.258088538107, 54.4562570545679], [-164.346891505076, 54.3965650489908], [-164.415005486905, 54.3688230428034], [-164.487081479546, 54.3696020330294], [-164.617127453534, 54.3388740188779], [-164.776464436422, 54.3390839974815], [-164.871315435911, 54.3640449820485], [-164.924906440917, 54.3916569718512], [-164.995648459059, 54.457308955186], [-165.036790496039, 54.5618889382144], [-165.019640515829, 54.6067039356207], [-164.90306355266, 54.666464944823], [-164.782798576013, 54.6917019583312], [-164.651197652205, 54.8441989596472], [-164.627762682294, 54.9115329555576], [-164.521200717537, 54.9691239638645], [-164.418169732964, 54.9795579767995], [-164.297900734758, 54.9526399960988], [-164.157889775692, 55.0156540085102], [-164.04746578943, 55.0206570230927], [-163.912720832656, 55.0905840341634], [-163.770317855097, 55.1088260518003], [-163.567965872298, 55.1001580805336], [-163.141349970854, 55.2319611257081], [-162.935180055259, 55.3820511388768], [-162.830202085936, 55.4294251486374], [-162.681582114994, 55.4631811659091], [-162.570897148497, 55.5158191760219], [-162.289810266902, 55.7248661943593], [-162.172289299556, 55.7735302060264], [-162.134204318918, 55.8090612078463], [-162.002265348965, 55.8487502225114], [-161.906212386291, 55.9122012297956], [-161.825769407416, 55.9426552381718], [-161.428678474682, 56.0115742877542], [-161.211127519419, 56.0674103132917], [-160.929591549489, 56.0793803522845], [-160.616054570795, 56.067421398198], [-160.545674598609, 56.1152794037277], [-160.513688641647, 56.2030174000118], [-160.439452692237, 56.298814401626], [-160.305603736197, 56.3692144142647], [-160.225435773008, 56.4336004197888], [-160.06915680779, 56.480279438005], [-159.870185876308, 56.590856456557], [-159.581003938475, 56.6729234910166], [-159.425763982942, 56.7401875074849], [-159.173934038193, 56.8144505375195], [-158.893605123014, 56.9450595668493], [-158.89350215, 56.999841561964], [-158.069842989962, 58.4903175534928], [-158.147896014088, 58.5437805369494], [-158.213053008732, 58.5426045271374], [-158.605255931576, 58.455592475239], [-158.63823490576, 58.4132474740034], [-158.772703863578, 58.3549284588454], [-159.078870831371, 58.339257413982], [-159.148408842876, 58.3703024006742], [-159.162396855426, 58.395231396305], [-159.151408867566, 58.415773396107], [-159.404748985888, 58.6659573349911], [-159.544706037549, 58.7784193034403], [-159.7017150346, 58.7963972779193], [-159.811739991026, 58.735450266838], [-159.939101970352, 58.7179062491472], [-160.004385979726, 58.7446122367657], [-160.089174007095, 58.8063032181531], [-160.172258979048, 58.7693292090061], [-160.273469981073, 58.7887311918444], [-160.310553991249, 58.8126261839773], [-160.343108026726, 58.8805421726505], [-160.608735981993, 58.8436211358517], [-160.593520971035, 58.8217281402337], [-160.601648954321, 58.7933231416974], [-160.793323807076, 58.5600971349561], [-160.874170772145, 58.5100661275752], [-160.93345675903, 58.4961091200018], [-161.015617755236, 58.5030621069911], [-161.095814740623, 58.4900270962029], [-161.140978743688, 58.503340088139], [-161.177362761795, 58.5425670788877], [-161.177057797359, 58.6070680727023], [-161.233998812094, 58.6434530606179], [-161.457852758953, 58.5859660325526], [-161.489886742623, 58.5618950300913], [-161.571519724764, 58.5437550196189], [-161.617040700086, 58.5067740164162], [-161.704248686186, 58.4969110043249], [-161.817588679858, 58.5057259864947], [-161.860939693817, 58.5390909767166], [-161.870736710016, 58.5704129721587], [-162.081785685874, 58.5648989411102], [-162.230306689272, 58.5985509155404], [-162.277671703304, 58.6328839050254], [-162.259775727073, 58.672674903731], [-162.168542757188, 58.7102759136572], [-161.949186787155, 58.7243289451853], [-161.851221843567, 58.8079829516534], [-161.887221875441, 58.8712799399875], [-161.881785917037, 58.944145933616], [-161.902494933881, 58.9776019271878], [-162.00115197654, 59.0702259031244], [-162.01683596925, 59.060235901743], [-162.102218999659, 59.1287518820369], [-162.171027060904, 59.2475678598077], [-162.166625077267, 59.2750748577387], [-162.064776137143, 59.3600318647641], [-162.053633166895, 59.4089898616049], [-161.914470216569, 59.4692888768322], [-161.87128725372, 59.5247908779439], [-162.042627322844, 59.67072883735], [-162.106878366197, 59.7542058192441], [-162.18667639683, 59.8189078005953], [-162.227859384997, 59.8064997955208], [-162.364362373157, 59.8108687741848], [-162.441682384946, 59.8440777590256], [-162.449869408616, 59.8846157537108], [-162.562659403855, 59.896825735208], [-162.698396386045, 59.891815714932], [-162.818069341752, 59.8402757018421], [-162.826111317007, 59.8006597046258], [-162.947245284199, 59.7682876894289], [-163.105688272514, 59.7782406642641], [-163.14588427844, 59.7956416563613], [-163.64744119007, 59.743608585426], [-163.998012158995, 59.7604515304897], [-163.896913143697, 59.7146415506004], [-163.813696154831, 59.7169415629736], [-163.748922144281, 59.6864215759689], [-163.751175120371, 59.6464765797815], [-163.847092092327, 59.6179265682355], [-163.919738097098, 59.640463554892], [-164.013321084464, 59.6377585410204], [-164.0807970958, 59.6705125273819], [-164.124816117651, 59.7162755159171], [-164.27464813653, 59.7783104867083], [-164.346566169638, 59.8483544684225], [-164.415717183096, 59.8848664540822], [-164.449679220133, 59.953337441683], [-164.420290238687, 59.9780994435225], [-164.342853263181, 60.0029304526607], [-164.48824727693, 60.0549614250602], [-164.597407326434, 60.1582373974999], [-164.6586173294, 60.1755323863459], [-164.7488313579, 60.240312365712], [-164.971937352245, 60.2770183278223], [-165.141468380556, 60.3579782933151], [-165.235432410139, 60.4251492717619], [-165.239577420876, 60.4432252691794], [-165.405578413053, 60.4655142414767], [-165.513852445172, 60.5396362169357], [-165.518284461168, 60.5660152133939], [-165.445600507101, 60.6235222182442], [-165.340212530368, 60.6382672327497], [-165.123390621436, 60.7366262553416], [-165.176196652797, 60.7963252408223], [-165.15752867646, 60.8292972401416], [-165.177511685873, 60.847965235065], [-165.170544705497, 60.8769272330206], [-165.263047723225, 60.9231322138289], [-165.302171746182, 60.9664392031441], [-165.301158761825, 60.9902422007329], [-165.236579809533, 61.0500892042291], [-165.346623772222, 61.0154411910176], [-165.416691760926, 61.0124791805571], [-165.663671757236, 61.0578081376623], [-165.716871775312, 61.096454125276], [-165.786902832686, 61.1981141034191], [-165.8375828526, 61.2387200911827], [-165.923077858106, 61.264837075159], [-165.990408883082, 61.3164340591365], [-166.031321930117, 61.3952980441853], [-166.194511950542, 61.4598660119156], [-166.254115984216, 61.5222509958476], [-166.28863501903, 61.5808079840635], [-166.237573163353, 61.7805639699792], [-166.197785206293, 61.8342719702528], [-166.112536245553, 61.8731429792362], [-166.075968327801, 61.9830489728949], [-166.129840349872, 62.0252959598746], [-166.096238388782, 62.0734519598437], [-166.00578843729, 62.1234429685047], [-165.901832449153, 62.1192749852076], [-165.874604475124, 62.1502319860975], [-165.739588533416, 62.2048510013099], [-165.448892709265, 62.3910210268869], [-165.418752749689, 62.4404300263269], [-165.379602776618, 62.4696050293697], [-165.38843578692, 62.485262026296], [-165.346231823427, 62.5266980285159], [-165.338709861069, 62.576037024418], [-165.276996894384, 62.609213030628], [-165.21588390662, 62.6142040397673], [-165.248117928403, 62.64803203105], [-165.259037957979, 62.6921990246008], [-165.247346973908, 62.7098930245635], [-165.165271004966, 62.7359350348024], [-165.063038018681, 62.7339800512371], [-164.986726048436, 62.7607390605163], [-165.016916062207, 62.7844340532033], [-165.036294094284, 62.8289040454002], [-164.996556126493, 62.8665820477236], [-164.939295143758, 62.8775150556817], [-164.915907166179, 62.9026060567505], [-164.918020185548, 62.9282500536994], [-164.895556205309, 62.9486350551243], [-164.912548240544, 63.0000040469794], [-164.892992259041, 63.019143048077], [-164.899813284798, 63.0523210434797], [-164.830340315655, 63.0822490514212], [-164.743825337123, 63.093230064101], [-164.746844349092, 63.1103970618101], [-164.727767364843, 63.1246490633632], [-164.495696495028, 63.2511580873053], [-164.250070570725, 63.3034511213526], [-164.015785609351, 63.3139541580099], [-163.658124605047, 63.2497162223122], [-163.58473357968, 63.2058022386493], [-163.45518957185, 63.1749542627011], [-163.252502533452, 63.0924533037947], [-163.118725556304, 63.1015573244639], [-162.95815063458, 63.1767903428278], [-162.937720667508, 63.2151013422791], [-162.870884706366, 63.2535583492407], [-162.739540735712, 63.2689243689969], [-162.700310759298, 63.2911743731371], [-162.43779695246, 63.4919933958414], [-162.679854922803, 63.4916253564372], [-162.7729219435, 63.5297463374709], [-162.826464973064, 63.5763593240817], [-162.786190017281, 63.6240663258701], [-162.691351066046, 63.6677283369826], [-162.544067106452, 63.6946963583584], [-162.30437911663, 63.6720243998042], [-162.2546441024, 63.646466410465], [-162.222768065255, 63.5969134205675], [-161.956984063846, 63.557208467937], [-161.896238029675, 63.5082194826685], [-161.840429023895, 63.4932874932543], [-161.687798058894, 63.514616516147], [-161.603138059941, 63.5041545310242], [-161.511978082051, 63.5197455444439], [-161.314382104734, 63.5192285768846], [-161.270106119667, 63.5301905830918], [-161.2020951744, 63.5873675887603], [-161.142567193888, 63.6041775969279], [-161.139995210642, 63.6252255953328], [-161.098093241966, 63.6561355992624], [-161.008513269739, 63.6776766119449], [-160.886224361648, 63.7713966231615], [-160.880075396731, 63.8121806202943], [-160.920148433659, 63.8597446091485], [-160.944668482556, 63.9215315992094], [-161.045684557904, 64.0224665728694], [-161.070624609055, 64.0849745627662], [-161.075426715318, 64.2066515503386], [-161.25345177516, 64.2988685119569], [-161.413923809496, 64.3585864795681], [-161.493457772629, 64.3283774692825], [-161.590864769625, 64.3355404524319], [-162.313515866912, 64.5427883123518], [-162.472007797284, 64.4868422916243], [-162.512576707682, 64.3925722942526], [-162.55794566862, 64.3557932904062], [-162.728086587381, 64.2874662691356], [-162.795826568529, 64.2756732591512], [-163.241956587487, 64.3607421771615], [-163.363778646146, 64.4456411485287], [-163.536196673444, 64.5035801142651], [-163.814088661349, 64.5311850657227], [-163.976242617858, 64.5083150414141], [-164.180926599439, 64.5195680066502], [-164.355379565148, 64.5084459791881], [-164.754825419946, 64.4078229243139], [-165.032229362456, 64.3879858811409], [-165.335942365844, 64.4444158256995], [-166.077814320374, 64.5204576969716], [-166.07089729498, 64.4901577013607], [-166.133559240035, 64.4382106968077], [-166.27198321905, 64.4377786744364], [-166.351156241443, 64.4778816572709], [-166.353899264888, 64.5064426537277], [-166.281412310961, 64.5449546612997], [-166.491284341666, 64.6189566192454], [-166.590187432945, 64.7389465901461], [-166.582211507416, 64.8220875823903], [-166.517232548561, 64.8573815891161], [-166.522712560017, 64.8711015867342], [-166.589209584783, 64.9082895718736], [-166.761925604564, 64.963491537763], [-166.829023628047, 64.999313522937], [-166.824491645288, 65.0174555216919], [-166.978988667091, 65.0694084908723], [-167.073005714577, 65.1383834680111], [-167.084363728584, 65.1556934642626], [-167.072463771214, 65.199780461362], [-167.008553851192, 65.2766504633543], [-166.948954890307, 65.3079074696605], [-167.488609848657, 65.3604123759044], [-167.606414850861, 65.3856243539384], [-167.938053902099, 65.4998942872831], [-168.126663896447, 65.5305242531999], [-168.167608905596, 65.5469002447134], [-168.21867794208, 65.5961212308999], [-168.231911965846, 65.6225652257852], [-168.221332018235, 65.6754472215818], [-168.155154079943, 65.7283492264379], [-168.077151120726, 65.7560872360543], [-167.520848337408, 65.8781503134878], [-166.719499744722, 66.1480444160175], [-165.600696231484, 66.4385055711367], [-164.880470485837, 66.5726266779539], [-164.424323618979, 66.6302157489051], [-163.900815710281, 66.6426658361647], [-163.626241732801, 66.6241728845667], [-162.832059175124, 66.9268119895763], [-163.049498211946, 66.9866099464826], [-163.781551197865, 67.0697588132167], [-163.911412218505, 67.1046937875563], [-163.991257253994, 67.1478817695768], [-164.002745281095, 67.1725527651183], [-163.882561346439, 67.214974781323], [-163.962780475248, 67.3384637551367], [-164.004537536189, 67.3978067419942], [-164.116683638373, 67.4999657124642], [-164.230340709422, 67.5750526853944], [-164.655249778006, 67.6924466007329], [-165.516431032683, 68.0236194193447], [-165.966070012651, 68.0724903375037], [-166.095947046502, 68.1182653105536], [-166.177565113882, 68.1850282896103], [-166.285328141969, 68.224365267091], [-166.652011153977, 68.2883161978608], [-166.860618115071, 68.2874761624691], [-166.942069118526, 68.3025921470128], [-166.97213513752, 68.3224461397818], [-166.971595180475, 68.3560581362805], [-166.850009259403, 68.4016421520977], [-166.457866412765, 68.4661332121118], [-166.434943498897, 68.5306402092116], [-166.367692567969, 68.5749922160319], [-166.371264667358, 68.651300207376], [-166.33332573136, 68.6961312091533], [-166.327340842934, 68.7817542011689], [-166.366147951091, 68.8688731853434], [-166.347456997219, 68.9003841852395], [-166.278363045508, 68.9270681943099], [-165.620885133107, 68.9037063099878], [-165.357077189258, 68.9089373550047], [-164.638701389439, 68.9664374735781], [-164.27940846799, 68.9796155347079], [-164.020394584613, 69.0331485744477], [-163.792368725355, 69.108019606765], [-163.650827831958, 69.1686906254738], [-163.333221147502, 69.3593186622768], [-163.289619256166, 69.4303556629328], [-163.287802546882, 69.6323826433456], [-163.133591876072, 69.8387006502977], [-162.818848165317, 69.9990266903822], [-162.605932427031, 70.1468457138548], [-162.465252556202, 70.217241732092], [-161.948688883736, 70.3747408091929], [-161.870247909512, 70.3827838224621], [-161.315165936423, 70.3472549252895], [-160.907893103363, 70.4157409920077], [-160.665180236153, 70.4764360300338], [-160.414249409567, 70.5612970674117], [-159.755499942341, 70.8305251619268], [-159.238473162651, 70.9202802477662], [-158.734031299027, 70.9631183358542], [-158.620800283816, 70.9455673580785], [-158.552756219129, 70.9028273742942], [-158.333569191878, 70.8720334170244], [-158.171496210138, 70.8710464467044], [-157.931502289608, 70.9021534878283], [-157.532455515071, 71.0075535516835], [-157.348321674752, 71.0879755784835], [-156.940864111754, 71.3112036341726], [-156.760901243341, 71.372876662062], [-156.64229529753, 71.3961386819568], [-156.582286359817, 71.4276706903471], [-156.487754390369, 71.4397857067732], [-155.926462297772, 71.3576848174141], [-155.827395252658, 71.3286918381554], [-155.756249179765, 71.2833808550942], [-155.458899179813, 71.2685899112907], [-155.003356094167, 71.2000780012024], [-154.626308949388, 71.1007240790775], [-154.437708828429, 71.023552120228], [-153.899208716176, 70.9362182268525], [-153.512436740347, 70.9359442984434], [-153.274343816111, 70.9709573397682], [-153.000146830688, 70.9698773906664], [-152.816878824933, 70.9605244253728], [-152.679947787458, 70.9345764527805], [-152.50979079587, 70.9347264843215], [-152.151884710898, 70.8751315552887], [-152.058188658906, 70.8411655752645], [-152.046393611392, 70.8131565795928], [-151.612773256865, 70.593604676588], [-151.516811224631, 70.5713556960242], [-151.503362166286, 70.5360237011723], [-151.548924089859, 70.4910856961296], [-151.315010052397, 70.4634267414549], [-151.189870106884, 70.4929247623933], [-150.929753150557, 70.5142858089348], [-150.795185213755, 70.5483598313258], [-150.345273235471, 70.5532329143063], [-150.323247278412, 70.5785609165387], [-150.2427453218, 70.6043379295813], [-150.117902330137, 70.606181952595], [-150.03356630122, 70.5876989695731], [-149.929544349118, 70.614763986905], [-149.719164364814, 70.6219370254143], [-149.40738134032, 70.6038260845566], [-149.090509280867, 70.5654211460681], [-148.974977230411, 70.5337071697328], [-148.78729321867, 70.5253782051258], [-148.651800140513, 70.478169233547], [-148.548900132751, 70.4729732529851], [-148.487042101671, 70.4533172658163], [-148.514972160773, 70.4897172581124], [-148.421338232203, 70.5328652724858], [-148.292545242589, 70.5374602960623], [-148.126962182095, 70.5013463292663], [-148.051998243736, 70.5388343406002], [-147.899659251397, 70.5421003686452], [-147.818564213583, 70.5200243851982], [-147.778507166384, 70.4916623945594], [-147.779469134551, 70.471870395727], [-147.652515113208, 70.459705420094], [-147.611299075715, 70.4364794293077], [-147.455191089396, 70.4457064576262], [-147.372551064949, 70.430540473967], [-147.328384024628, 70.4074344837044], [-147.225969994642, 70.3889875039185], [-147.17194093062, 70.3501655165204], [-146.926554928438, 70.3507845619316], [-146.777914869583, 70.3157455917739], [-146.708995815548, 70.2824316067254], [-146.377950812891, 70.2837516679136], [-146.20609376182, 70.2546957016035], [-145.981813737428, 70.2423087438972], [-145.335540492524, 70.0987098724787], [-145.065015467009, 70.0876129231248], [-144.926585387247, 70.0400229516321], [-144.681500339797, 70.0157749983415], [-144.529136434501, 70.0790630225684], [-144.056893511982, 70.1386651061053], [-143.940617557685, 70.1696871257009], [-143.575691589015, 70.1994301912974], [-143.411479555717, 70.1835732225519], [-143.226465575096, 70.2020002556117], [-142.480305266868, 70.0339074028961], [-142.057839036958, 69.9033524879804], [-141.591484870365, 69.8145845785195], [-141.377927746818, 69.744149621527], [-141.002813658315, 69.7036506924035], [-141.001360104833, 64.085001240789], [-141.00136010583302, 64.08500124053162], [-141.001598062114, 62.0395927429114], [-141.002002224126, 60.3063721270949], [-140.520447139352, 60.2198222074942]]], [[[-152.113502323084, 58.5616654629538], [-152.065514304598, 58.5267614727945], [-152.060902290063, 58.5008314752957], [-152.079845277011, 58.4785934738983], [-152.182071259241, 58.4519534599352], [-152.071930255514, 58.4400284777802], [-151.895237221789, 58.3717065097598], [-151.823992238785, 58.3988825189087], [-151.750514238214, 58.3946565305477], [-151.704048218442, 58.3573375402543], [-151.707306203853, 58.3313465415113], [-151.755204187134, 58.3033985360164], [-151.696604164296, 58.259776548004], [-151.706625124253, 58.1878225513252], [-151.782195089941, 58.1287615437023], [-151.884202078767, 58.1129575291046], [-151.934014084519, 58.1257185205835], [-151.966413099093, 58.1537435136911], [-152.055288069786, 58.1045355034094], [-152.260758047206, 58.0733584740312], [-152.312331032826, 58.0496374677679], [-152.453369034068, 58.0592884454808], [-152.474538025896, 58.0454284432048], [-152.414474022814, 58.036578453024], [-152.235604980787, 57.9499364864156], [-152.220231970545, 57.9302244901274], [-152.255251935115, 57.8662714891889], [-152.137974918689, 57.8298105096048], [-152.079810843648, 57.6862985283017], [-152.034876827325, 57.6533205373907], [-152.031026814367, 57.6286325396594], [-152.063518783262, 57.5712065386383], [-152.222457728842, 57.4753005210934], [-152.216506709675, 57.4382305245385], [-152.156536694423, 57.4058565358323], [-152.170072674309, 57.3677575363908], [-152.227411654323, 57.3320395301717], [-152.314937645025, 57.3185865178775], [-152.383167651832, 57.335408506415], [-152.41560467631, 57.3844714981232], [-152.526031644678, 57.3293684852631], [-152.537687629593, 57.3007534854929], [-152.642739592953, 57.2353734742111], [-152.835649577911, 57.2173664464288], [-152.785226566734, 57.1924584557669], [-152.775480556051, 57.1709314587438], [-152.777400540986, 57.1414514605235], [-152.809991523605, 57.1091814578926], [-152.876884506175, 57.0788434499852], [-153.09830947967, 57.0403144195092], [-153.121538459384, 57.0015314187882], [-153.194987434014, 56.9558014110559], [-153.32002042237, 56.9409393934265], [-153.449115432867, 56.9708113719799], [-153.476876417128, 56.9413203699602], [-153.454636410464, 56.9264263743578], [-153.450967397575, 56.9003413767874], [-153.488721377994, 56.8636693738008], [-153.615200358947, 56.8343863570659], [-153.69457033194, 56.7856433487909], [-153.760439324988, 56.7764753396583], [-153.747573309969, 56.7450453438663], [-153.783560285299, 56.6975653419858], [-153.890095268636, 56.6717093280641], [-153.91993925324, 56.6425403257788], [-153.999780246478, 56.6349523145004], [-153.982140234509, 56.6090123190257], [-153.84212624545, 56.6205663389269], [-153.790916242257, 56.6101063472827], [-153.76496023249, 56.5880843527364], [-153.76245221735, 56.5567463553929], [-153.806625192756, 56.5093613523133], [-153.904691166216, 56.4619813412852], [-154.057898153837, 56.4484353196595], [-154.153364155696, 56.4600513047094], [-154.233628144532, 56.4434752940957], [-154.340583150281, 56.4644032767567], [-154.429897135424, 56.4411442653246], [-154.498229139617, 56.45578525415], [-154.582010122166, 56.4268122439842], [-154.657121093308, 56.3732322369752], [-154.725752081747, 56.355220228246], [-154.794953080669, 56.3592892177623], [-154.88172209695, 56.4013962017899], [-154.894826112256, 56.4345671973255], [-154.886708122783, 56.4557421969017], [-154.758126178677, 56.5598162079266], [-154.540518234765, 56.6558452328292], [-154.430001238822, 56.6546322492881], [-154.352126231267, 56.6325412624778], [-154.23669225307, 56.6675742769647], [-154.239316265338, 56.6928562746919], [-154.217846279744, 56.7204682758205], [-154.385544326997, 56.830270242698], [-154.387739359317, 56.8956192374644], [-154.608626387133, 56.9702761989206], [-154.628556402141, 57.0020071935407], [-154.601148420574, 57.036383195021], [-154.619802483326, 57.1623611826668], [-154.685786506763, 57.2142231688394], [-154.83111950861, 57.2306451458137], [-154.93124253042, 57.282371126834], [-154.915579565734, 57.3498741239833], [-154.888648583459, 57.3819191255605], [-154.815417602729, 57.412788134195], [-154.790178629034, 57.4614181342611], [-154.722986666648, 57.5279561392862], [-154.625202694479, 57.5729051506046], [-154.60690471118, 57.6032541510545], [-154.572749721782, 57.6205911548946], [-154.480957731711, 57.6318571679139], [-154.407031765804, 57.6905261746564], [-154.240085786055, 57.7154681980655], [-153.97827387448, 57.8614742269024], [-153.917153906475, 57.9165602321118], [-153.870587914889, 57.928780238299], [-153.786642912208, 57.9177132519071], [-153.48021497838, 58.0188452912372], [-153.504783989145, 58.0403292859147], [-153.506600003166, 58.0662272837455], [-153.470219027668, 58.1087002862105], [-153.367490070071, 58.1792932968062], [-153.314695079501, 58.1930133039059], [-153.271367106096, 58.2384883072584], [-153.200056123941, 58.2662533162025], [-152.880880259516, 58.4897923493138], [-152.846919284157, 58.5315023515841], [-152.775142296602, 58.5494133614061], [-152.767570317923, 58.5866013599324], [-152.719099347209, 58.6353813639713], [-152.610031383121, 58.6922803768486], [-152.560256409567, 58.7357253815045], [-152.497334422747, 58.755325389896], [-152.434561422009, 58.7507783999689], [-152.393007411556, 58.7304604078499], [-152.382546392115, 58.6960364118861], [-152.31260939667, 58.7004494224346], [-152.247733387221, 58.6807294338808], [-152.189341354319, 58.6202564471427], [-152.182848328174, 58.5739744513596], [-152.113502323084, 58.5616654629538]]]]}}, {"type": "Feature", "properties": {"GACCAbbreviation": "EACC", "DispUnitIDs": ["USILILC", "USINIIC", "USMIMIDC", "USMNMNCC", "USMOMOC", "USNHNEC", "USPAMACC", "USWIWIC"]}, "geometry": {"type": "Polygon", "coordinates": [[[-89.1738307769276, 37.0663149028722], [-89.1788787749457, 37.0205528939242], [-89.1331329519136, 36.98224159635376], [-89.1253577571583, 36.9835358894226], [-89.0998087485813, 36.9646758870408], [-89.1319397497389, 36.8576028650693], [-89.1792067609863, 36.8299028575372], [-89.170568756195, 36.7975448517562], [-89.1243857423714, 36.7858328516939], [-89.1182077389247, 36.7623328474834], [-89.1728927540204, 36.7587778442252], [-89.2005577598774, 36.7325738379021], [-89.1591237434488, 36.6663608271536], [-89.2363137579207, 36.5668878044286], [-89.2695517674384, 36.5697228034172], [-89.3262697878115, 36.6318468126795], [-89.3658027983963, 36.625132809533], [-89.4172808037058, 36.4990177829146], [-89.4644388139288, 36.4577537727782], [-89.4939528233107, 36.4735657744349], [-89.4659188195363, 36.5300217865876], [-89.4787728258615, 36.567871793243], [-89.5306438413625, 36.5817167934545], [-89.5653338500089, 36.5672657890529], [-89.5604178455385, 36.5244127810732], [-89.5195068305837, 36.4754257735948], [-89.5452608343081, 36.4270857631036], [-89.5097278205661, 36.3736327544834], [-89.5318278242868, 36.3392527468345], [-89.6056738451045, 36.3422407439671], [-89.6202608478029, 36.3230127395869], [-89.5394928220319, 36.2773747345542], [-89.5346818189484, 36.2527777300332], [-89.6023798367917, 36.2381127240625], [-89.701826865063, 36.2460107209625], [-89.6926358610119, 36.2249657173354], [-89.6070098333591, 36.1711857109312], [-89.5916378270327, 36.1421417060303], [-89.6019418283133, 36.1194767011725], [-89.6788268472843, 36.0846426908877], [-89.7069378492625, 36.0009876734049], [-90.3778960349128, 35.9956896413255], [-90.3188830252918, 36.0903156622521], [-90.2353780056739, 36.1394866755923], [-90.2204930047521, 36.1844436849124], [-90.1263419818456, 36.2291296978928], [-90.1168069816779, 36.2637777049815], [-90.0835349730444, 36.2721287081434], [-90.0641749698491, 36.3025327148783], [-90.0824129763056, 36.3219557177407], [-90.0634029754909, 36.3839637305001], [-90.1385799985195, 36.4138237326553], [-90.1339450001165, 36.4536037404665], [-90.1558100069091, 36.4635607413292], [-90.1424190037696, 36.4715077434794], [-90.1596330091881, 36.4803087443406], [-90.1522860084336, 36.4979567480524], [-94.6179262190116, 36.4994205274476], [-94.6085264439352, 39.1162509844688], [-94.5886654419413, 39.1511699915137], [-94.6557944603736, 39.1556869883846], [-94.6782474691209, 39.1841759918816], [-94.7407844845144, 39.1699939858599], [-94.7829584993785, 39.2071689896582], [-94.8316865132654, 39.2159449882919], [-94.8305605167474, 39.2551419949355], [-94.8841005339171, 39.2845189967278], [-94.9061335427433, 39.3147280004932], [-94.9100245474652, 39.3525500065888], [-94.8813675415357, 39.3703900112538], [-94.8850335444122, 39.3898080142823], [-94.9420465596391, 39.3895060108774], [-94.9821515753682, 39.4405590170249], [-95.0375075924444, 39.463696017605], [-95.0544666008193, 39.5026600230777], [-95.1103756199083, 39.5445690267153], [-95.1049556216395, 39.576611032348], [-95.0505976081935, 39.5875700373972], [-95.0542746131739, 39.6277520438353], [-95.0276516098093, 39.6654610516637], [-94.9706845967283, 39.6872460586658], [-94.9639656002431, 39.7403680678541], [-94.8993235812765, 39.724049069013], [-94.862742573278, 39.7422020741997], [-94.8696625782114, 39.7729060788674], [-94.9109565879157, 39.7591850741319], [-94.9345805956352, 39.7729680749983], [-94.9282375955391, 39.7889450780173], [-94.8846595843547, 39.7940040814594], [-94.8759515839572, 39.8133010851689], [-94.8848335882669, 39.8324250877957], [-94.9406066053138, 39.8530250878515], [-94.9301676062449, 39.8899410945623], [-95.0099436287331, 39.9006430915275], [-95.0394106330041, 39.8648390838635], [-95.1245366566209, 39.8728640800604], [-95.1496646667105, 39.9059550839804], [-95.2027526808297, 39.9050830806323], [-95.2052736850394, 39.9397570861642], [-95.2502616979836, 39.9486510848983], [-95.3058107168579, 39.9879060879506], [-95.3152787218715, 40.0120770913236], [-95.4124447504251, 40.0372180895105], [-95.4213477552328, 40.0607530928007], [-95.3933547538057, 40.1192191040233], [-95.479200783656, 40.185659109553], [-95.4762487886805, 40.2412641187426], [-95.5524808112099, 40.2619111173881], [-95.5621648175247, 40.2973661225174], [-95.6573358443495, 40.3108631188118], [-95.6226918384301, 40.342330126026], [-95.660609855984, 40.4124161349504], [-95.6565828577072, 40.4387081394243], [-95.694658871366, 40.4714591423097], [-95.6999768764037, 40.5052821473989], [-95.6616888674682, 40.5173191517164], [-95.6558558690511, 40.5466161567733], [-95.6787228768739, 40.5625681578977], [-95.7085988804498, 40.5215581494673], [-95.7628648956647, 40.5283781471676], [-95.7747119036883, 40.5735811536508], [-95.7496929005981, 40.6068491605308], [-95.7838299149183, 40.6549811660639], [-95.8423239329386, 40.6771781659177], [-95.8544639391137, 40.7041711694452], [-95.8853569492003, 40.7211001701856], [-95.8815369514038, 40.7506181751126], [-95.8348889421887, 40.780217182758], [-95.847792954867, 40.8643351952708], [-95.8093869477922, 40.8932862022896], [-95.8397509602703, 40.932787206606], [-95.8297999625449, 40.9773512142764], [-95.866958975117, 41.0010922156521], [-95.8596619770173, 41.0357022215711], [-95.8823499857305, 41.0594262238554], [-95.8624349837856, 41.0896942298906], [-95.882547996588, 41.1558882389994], [-95.8421959882076, 41.1774282449698], [-95.916127008881, 41.1852862414518], [-95.9279830137204, 41.200076243006], [-95.9106370129758, 41.2345862495256], [-95.9276500247663, 41.2984472584123], [-95.9059070192392, 41.3010452602224], [-95.9028480153951, 41.2743812562527], [-95.8760590095085, 41.2857462597577], [-95.8722770104613, 41.3030772627111], [-95.9571450380637, 41.3459092639111], [-95.9296890331242, 41.3670652689869], [-95.9377020384363, 41.3947772727854], [-95.9199970403171, 41.4526112829352], [-96.0135930683683, 41.4784762808655], [-96.0195510714758, 41.4915992825133], [-95.9927850669592, 41.5146032878258], [-96.0051200735747, 41.5432572914625], [-96.0266650790135, 41.5403732896091], [-96.0406210788831, 41.506900283512], [-96.0919160957543, 41.5340562843685], [-96.0822930985846, 41.5806902922105], [-96.118241112001, 41.6132982948917], [-96.0961241108792, 41.6544793026962], [-96.1226121213129, 41.6830473053587], [-96.0732331105423, 41.7040693118436], [-96.1063621234064, 41.7380533148949], [-96.0647981188892, 41.7944133262998], [-96.1065731330669, 41.8196203274132], [-96.110556137632, 41.8492063316883], [-96.1617641576058, 41.9018273363551], [-96.1367511531565, 41.9208333409216], [-96.1445911577263, 41.9415513435689], [-96.1295131572726, 41.971680349174], [-96.1872271735081, 41.9779533462933], [-96.1945641791516, 42.0086693504889], [-96.2364961889319, 41.9964363458303], [-96.2238301899623, 42.0333533522977], [-96.2725532045722, 42.0462093510006], [-96.2694672119428, 42.1142233615399], [-96.3496962402988, 42.170709364718], [-96.3598782478755, 42.21056037006], [-96.3237312405362, 42.2298943754154], [-96.3289052449542, 42.254730378819], [-96.4177942806596, 42.35145638739], [-96.4151942864674, 42.4042103954931], [-96.3807132824284, 42.4464004041663], [-96.3860112873343, 42.4745034080212], [-96.4764693135612, 42.4901354042057], [-96.4937303215067, 42.5167494070089], [-96.4769683219037, 42.5559794140138], [-96.4985523279655, 42.5581234128595], [-96.4858053266579, 42.5750274162535], [-96.5094613377314, 42.6127114202544], [-96.5313433437232, 42.6136494188955], [-96.5156693415339, 42.6297184223624], [-96.5423733526319, 42.6609414251776], [-96.5784073636791, 42.6718474243245], [-96.5751883641929, 42.6827644261674], [-96.630162381811, 42.7054454257526], [-96.6244223827751, 42.7252194290796], [-96.6394763882861, 42.7368284297626], [-96.6192703851211, 42.7546164337904], [-96.6363903916383, 42.7697474348498], [-96.5952223835304, 42.7929034411178], [-96.5814783855499, 42.8377334486981], [-96.5503303771529, 42.8375384508211], [-96.5434933812189, 42.8837724581278], [-96.5252953773654, 42.8919174605897], [-96.5429383836281, 42.9037634611185], [-96.5412913857701, 42.9239344642096], [-96.4989713787259, 42.957809472139], [-96.5208463875106, 42.9803214739413], [-96.4919893835863, 43.010204480346], [-96.5213103952878, 43.0396674826459], [-96.460750382154, 43.0643444904856], [-96.4623283862738, 43.0928924945741], [-96.4364803828359, 43.1201735003821], [-96.4685073955989, 43.1518945028086], [-96.4766624069335, 43.2219485125061], [-96.559334429371, 43.2229415068684], [-96.5714944347347, 43.2388545083423], [-96.5491954297643, 43.2468215110683], [-96.5526684321875, 43.2581555124806], [-96.5856684425601, 43.2693595118024], [-96.5885004468509, 43.296182515516], [-96.5269704314367, 43.3052365211551], [-96.5350954377491, 43.336509525145], [-96.5216704406462, 43.3859125332841], [-96.5941494665767, 43.4338315351436], [-96.6030594712434, 43.4508355369824], [-96.5810904693918, 43.4815055429821], [-96.5991994768131, 43.5004635444495], [-96.45326843113928, 43.50046610328015], [-96.4531056919532, 45.3007588089475], [-96.4890737103296, 45.3570788139699], [-96.5217957221419, 45.3756528140559], [-96.6925497754234, 45.4173458069016], [-96.763440810567, 45.5200148154849], [-96.8568428493556, 45.6053858199364], [-96.8386568508669, 45.6475168269972], [-96.662603816513, 45.7386898526703], [-96.5811788071424, 45.8230228702166], [-96.5613428208333, 45.9456628881917], [-96.5778748382722, 46.0273648978566], [-96.5544198407433, 46.0840869072249], [-96.5766448611861, 46.1739519174819], [-96.5926908658386, 46.1752189164155], [-96.5837698686076, 46.2080669214645], [-96.5987378782421, 46.2423249248549], [-96.5837238752751, 46.2498149270055], [-96.6004108818216, 46.2617579273007], [-96.5993878925078, 46.329991936407], [-96.6452029085678, 46.3506769355932], [-96.6853639300067, 46.4142199408515], [-96.7045899359592, 46.418002939856], [-96.7032779387311, 46.4373029424952], [-96.7218619443034, 46.4398369413835], [-96.7116199447073, 46.4597909448007], [-96.7388839553634, 46.4787139451621], [-96.7382689650973, 46.5393019531479], [-96.7501249686316, 46.5407669524147], [-96.7387239658683, 46.5432359536273], [-96.754405972454, 46.5568259541812], [-96.7417589701171, 46.5640049561071], [-96.7575089767656, 46.5778379566854], [-96.7472749746099, 46.5820299580325], [-96.7715879837008, 46.596220957986], [-96.7708519866335, 46.6152779605305], [-96.7913149939203, 46.6249789601945], [-96.7821879924455, 46.6314199617485], [-96.7981839965708, 46.6294739602427], [-96.7858239949596, 46.6405309626513], [-96.8021740040281, 46.6679049649353], [-96.7840750018696, 46.6852779686148], [-96.7912060094226, 46.7188819724247], [-96.7791450073556, 46.7266499743807], [-96.789798015315, 46.7567089774474], [-96.7778590128044, 46.7615959790195], [-96.7895280167911, 46.7660319786782], [-96.7754620129961, 46.7667589798778], [-96.7967650206332, 46.7770069795327], [-96.7871450193964, 46.7856589814109], [-96.802759028088, 46.8116979835563], [-96.780145024084, 46.8254369871153], [-96.7939680292109, 46.8330719870153], [-96.7746570249313, 46.8396549893879], [-96.7813400334982, 46.8796949940396], [-96.7692110298607, 46.8781669947981], [-96.7760430350898, 46.8979849968202], [-96.7526630328628, 46.9235510019656], [-96.7622010374331, 46.9349050026783], [-96.7915120443964, 46.9276969994345], [-96.8041490511568, 46.9469190009146], [-96.7950540518107, 46.965846004072], [-96.8226730602202, 46.9700280024265], [-96.8209850653777, 47.0033340068449], [-96.8395570711343, 47.0067360058115], [-96.8126680690364, 47.0386420120408], [-96.8303950777501, 47.0608310134837], [-96.8162000818926, 47.1084890207199], [-96.8375730901635, 47.1219880207508], [-96.82073208689, 47.1303770231627], [-96.8412560962932, 47.1518640242798], [-96.8223680917818, 47.1563490263554], [-96.8334930983635, 47.1766520280654], [-96.8215640963421, 47.1843220299946], [-96.8448561044403, 47.1935880293237], [-96.8271761008239, 47.2013240317191], [-96.8457971092545, 47.2201180326336], [-96.8286811067311, 47.233294035678], [-96.8474571169097, 47.2619410378309], [-96.8347141140719, 47.2661630393852], [-96.8476871185782, 47.2712550389983], [-96.8306691198208, 47.3060740447871], [-96.8469851260748, 47.3158420447254], [-96.8287731230783, 47.3280030477262], [-96.8457951278511, 47.3280450463711], [-96.8306521254706, 47.338794048947], [-96.8582151381675, 47.3675380503905], [-96.8371501329203, 47.3712990525534], [-96.854631138248, 47.37378805147], [-96.8374741361751, 47.3895350548401], [-96.8527231433254, 47.4061020557181], [-96.8420821413252, 47.4117460572856], [-96.8717721509079, 47.4190140558261], [-96.8528251478667, 47.4320380589935], [-96.8636281552486, 47.4570180612862], [-96.8519551558247, 47.4790630650091], [-96.8685281603696, 47.4784810636048], [-96.852167157159, 47.4863590659136], [-96.8650491616977, 47.4916590655482], [-96.8422891582858, 47.5086440695207], [-96.8711811696535, 47.5272760695486], [-96.8453321644152, 47.5387600730751], [-96.8617581726272, 47.5592870743402], [-96.8475081698481, 47.5662340763619], [-96.8689431760004, 47.5670100747343], [-96.8515771714171, 47.5686630763403], [-96.851021176512, 47.5985160801422], [-96.8797351882447, 47.6193440804462], [-96.8851251993855, 47.6738160868472], [-96.9309822196699, 47.715555088366], [-96.9184222176514, 47.7240490904448], [-96.934892229965, 47.7672170945044], [-96.9915872532167, 47.8081950950126], [-96.9741372510505, 47.8234820983333], [-96.9983462611635, 47.841940098662], [-97.0018372668501, 47.8681421016343], [-97.0231512739071, 47.8740711006355], [-97.01786328068, 47.9199191067533], [-97.0553502962076, 47.9475231071135], [-97.072266319217, 48.0480761181467], [-97.1044923327279, 48.0724361185057], [-97.1018853362813, 48.095904121606], [-97.123211344251, 48.1066581211775], [-97.1334773527199, 48.1371091240726], [-97.1228853502238, 48.139758125268], [-97.146514357329, 48.1422281236289], [-97.1209773533209, 48.1595601278536], [-97.1475193628203, 48.1705801270213], [-97.1292863646437, 48.2083851331506], [-97.13780318492594, 48.215506990713386], [-97.1521993731754, 48.2196441326405], [-97.1206993652432, 48.2247621358612], [-97.1446543736198, 48.2335701349646], [-97.1229633726983, 48.2616741401862], [-97.1450413802365, 48.2687741392324], [-97.1165793742271, 48.2796691429099], [-97.1373433823238, 48.2917651426728], [-97.1122403761165, 48.2964801453193], [-97.1377583857736, 48.3097371448298], [-97.1155903821542, 48.3239361483907], [-97.1417243898629, 48.3257371464517], [-97.1259293881653, 48.3405871495651], [-97.1562704013804, 48.3655861500986], [-97.1333503980076, 48.3822041540149], [-97.1633854084756, 48.3928651528246], [-97.1311844020763, 48.4072891572421], [-97.1540034105462, 48.4181291566685], [-97.1225924016366, 48.4179291592454], [-97.1458824106887, 48.4311561589219], [-97.1248334067528, 48.4419041619695], [-97.1506424138427, 48.4408241596999], [-97.1285534112506, 48.4603091638931], [-97.1474274189195, 48.4727611638368], [-97.1281724137789, 48.4743701656285], [-97.1626774241729, 48.4777911631806], [-97.1315094174702, 48.4890141671253], [-97.1502764270222, 48.5116081683016], [-97.1267674219835, 48.5201651712883], [-97.1524324292807, 48.5203721691821], [-97.1413674289924, 48.5354601719249], [-97.1659934384982, 48.5489401715063], [-97.1389604320185, 48.5551281745006], [-97.1754324436256, 48.5619651722932], [-97.1491794377204, 48.5700221754489], [-97.1606404430265, 48.5809441758129], [-97.1439004385117, 48.5821201773474], [-97.1540364438937, 48.595414178107], [-97.1343004405762, 48.6074081811951], [-97.1506584460167, 48.6116841803487], [-97.1195044384986, 48.6185681837715], [-97.1311494442429, 48.6314811843575], [-97.1094594382874, 48.6324771862834], [-97.115701442348, 48.6445691872199], [-97.0987004406477, 48.661003190614], [-97.1092384442525, 48.6642581901278], [-97.0903224427182, 48.6844121941282], [-97.1199134543125, 48.7012561936859], [-97.1101214528173, 48.7079861953109], [-97.153804473984, 48.7540011971836], [-97.147478477441, 48.7814492009993], [-97.174050487362, 48.7938872002643], [-97.1632704855888, 48.8005872019676], [-97.1816494904068, 48.7985252001827], [-97.158127485998, 48.8103272035626], [-97.1902834960454, 48.8151432014453], [-97.173893495788, 48.8380012055479], [-97.1905825055845, 48.8642872072846], [-97.1778235041521, 48.8756472097089], [-97.1994035113342, 48.8811212085505], [-97.1900275114523, 48.8955242110528], [-97.2339755339641, 48.9473722135246], [-97.2325315435515, 48.9988412197513], [-95.1531999444413, 48.9988783914892], [-95.1534040175067, 49.3844874385308], [-95.0583109836092, 49.353261442504], [-94.9574029571808, 49.3702064527811], [-94.8162729063558, 49.3214074582952], [-94.8255439039605, 49.2943624542399], [-94.7980918776767, 49.1978794446428], [-94.7732418559054, 49.1207404371631], [-94.7502868451497, 49.099281436367], [-94.6843557859142, 48.8839664149819], [-94.6857067782657, 48.8401264094134], [-94.704387780837, 48.8242714059452], [-94.6944107715458, 48.7894524023963], [-94.6453957489164, 48.7440874006286], [-94.5377517098058, 48.7024214039555], [-94.4523176829269, 48.6923694094612], [-94.4161916756733, 48.7109254146554], [-94.2910346383081, 48.7077004241406], [-94.2605986273056, 48.6963174251058], [-94.2502906170962, 48.6563724208725], [-94.2243276082246, 48.6494824220452], [-93.8407684914186, 48.6285454494459], [-93.8068144723618, 48.577613445597], [-93.8182784673441, 48.5300364386246], [-93.7944634578399, 48.5159944386799], [-93.656658417081, 48.5157294493423], [-93.6288724115835, 48.5312184534826], [-93.6106254045075, 48.5216634536702], [-93.4694343668231, 48.5452154676166], [-93.4566673659519, 48.5618384707391], [-93.4643073734764, 48.5917884739938], [-93.254878320207, 48.6427544967109], [-93.2074343060278, 48.6424275003252], [-93.1784782940524, 48.6232875000918], [-92.954884228818, 48.6315015183145], [-92.9498352232666, 48.6082825157014], [-92.7280541450567, 48.5392975236762], [-92.6349391178153, 48.5428815312153], [-92.6272451087254, 48.5033915266538], [-92.6988221286744, 48.4948935201174], [-92.7125701273124, 48.4630215149196], [-92.6560351059131, 48.4367175157705], [-92.5072930633222, 48.4478845284758], [-92.4563330423277, 48.4142125279072], [-92.4767580412354, 48.3717685207989], [-92.4699570358238, 48.3518455186935], [-92.3699529837273, 48.2201635088364], [-92.2697499584422, 48.2482495200431], [-92.293864969356, 48.2702675211521], [-92.3062479808185, 48.3163925263152], [-92.2624849741799, 48.3548565346651], [-92.216990958892, 48.345122536787], [-92.1450569407535, 48.3656595448757], [-92.0552359126788, 48.3592205507303], [-92.0465709059686, 48.3347475481394], [-92.0001338897664, 48.3213625498247], [-92.0129808896229, 48.2974005456935], [-92.0065818823649, 48.2654315419285], [-91.9767748699265, 48.2445215413649], [-91.9544738644426, 48.2518465439933], [-91.958297862464, 48.2330325412085], [-91.8934778437535, 48.2377075466347], [-91.8643898299222, 48.207039544703], [-91.7152407837552, 48.1993055546827], [-91.7245807818492, 48.1706665501663], [-91.7053267760712, 48.1707845516001], [-91.6981697691276, 48.1416535482277], [-91.7118517688083, 48.1146135435988], [-91.6828447613112, 48.1221335467392], [-91.6876187610393, 48.1117075449906], [-91.6532687510994, 48.114153547842], [-91.6401807443418, 48.0969395464928], [-91.5592747218241, 48.1082835539486], [-91.5754677198534, 48.066302547119], [-91.5672557137056, 48.0437345446828], [-91.4886576939845, 48.0680815537082], [-91.4503386825487, 48.0688135566058], [-91.4296496730291, 48.0486165553928], [-91.2663886286162, 48.0787225713471], [-91.1429136035196, 48.154383590536], [-90.8854875402172, 48.2457926215429], [-90.8391835251144, 48.2395196240466], [-90.8364095141656, 48.177036615798], [-90.8210275107234, 48.1846886179442], [-90.7964384991386, 48.1592156162677], [-90.7779384942579, 48.163846618229], [-90.7982314960918, 48.1368976131124], [-90.7822244910599, 48.1358696141262], [-90.7515844745437, 48.0909956102366], [-90.5796874274809, 48.1238056270389], [-90.5591104208807, 48.1217386282318], [-90.5697444217409, 48.106838625441], [-90.5567084160303, 48.0959396248894], [-90.4673983908502, 48.1087526330233], [-90.3742963596098, 48.0909236372329], [-90.1408322916856, 48.1125636567898], [-90.0233382513247, 48.0847566612933], [-89.9938322333903, 48.0280996555867], [-89.934583213323, 48.0158256580702], [-89.8955031969021, 47.9873336568891], [-89.7753631656054, 48.022871670229], [-89.6508781243918, 48.003625676284], [-89.6107031142673, 48.0179356810712], [-89.5809801017229, 47.9959476801013], [-89.4833920744588, 48.013724689366], [-89.3375570234717, 47.9742696940176], [-88.6774488608031, 48.245405777243], [-88.3698687742396, 48.3060718067284], [-87.6250974983356, 48.0211178168525], [-86.2501449886088, 47.4779118276008], [-84.8593404708839, 46.8888518252247], [-84.7629624082425, 46.6343327921361], [-84.5569673215591, 46.4606477775686], [-84.4755992948667, 46.4528727811384], [-84.4202792832695, 46.5010857918289], [-84.3414322590991, 46.5076977974617], [-84.2758192364799, 46.4928297989913], [-84.2261362257454, 46.5339288082432], [-84.1289301944225, 46.5301278133105], [-84.1112301856343, 46.5041278103124], [-84.1461771863294, 46.4185287950088], [-84.1389111784242, 46.3722297882341], [-84.1062521620148, 46.3219717822976], [-84.1196341654191, 46.3150217804417], [-84.1155681585115, 46.2682337733788], [-84.0977711514716, 46.2565207725762], [-84.1080941529115, 46.2412467695954], [-84.0770321366671, 46.1875667629882], [-84.0056901095658, 46.1495597611279], [-84.0058781059408, 46.1184777562397], [-83.9761390946469, 46.1025627554421], [-83.9554290827409, 46.0571967494917], [-83.9034790667406, 46.0609187530415], [-83.8262480491544, 46.119296766629], [-83.7595340261135, 46.1031817678894], [-83.6546519950634, 46.1220637768159], [-83.5714719667819, 46.1060067789936], [-83.4335629105542, 45.9989037698314], [-83.6368719490731, 45.7739527226833], [-83.4839789004725, 45.7719457309275], [-82.5206445467094, 45.3359107133616], [-82.1229752440232, 43.5908354414622], [-82.4237282818918, 42.9985253235502], [-82.4167022767271, 42.9664323182917], [-82.456031285166, 42.9258203092161], [-82.4825782825693, 42.8086522873474], [-82.4676712736519, 42.7619142798791], [-82.5188352759597, 42.6139812512738], [-82.5854802910284, 42.5531892372269], [-82.6337283062633, 42.5568102354661], [-82.661890313589, 42.5417542314049], [-82.8302543502234, 42.3735001932576], [-83.0262384064758, 42.3289181755804], [-83.0977084248711, 42.289683165055], [-83.1272414289585, 42.2347701538426], [-83.1343884257146, 42.1746291428088], [-83.1192324166206, 42.1252711347891], [-83.1494544182574, 42.0402721181453], [-83.1124643997122, 41.9594181055485], [-83.0693163780633, 41.8642250906432], [-82.6811232427517, 41.6763360758204], [-82.398352156006, 41.6765320895225], [-81.6864509641867, 42.0000451821366], [-81.2498368472198, 42.2164232418982], [-80.0802254966979, 42.3941703284467], [-79.7624214069063, 42.5160803650053], [-78.999763189685, 42.8043764514572], [-78.930562171492, 42.8501134627932], [-78.9057611677309, 42.8999654728777], [-78.9188621757774, 42.9468654807262], [-79.0199672118944, 42.9947644847894], [-79.0071332137518, 43.0657654980891], [-79.0744622361753, 43.0778714972189], [-79.0579642333759, 43.1069655031663], [-79.069559238183, 43.1202635050188], [-79.0423602315025, 43.1436625104277], [-79.0560632452101, 43.2541645295101], [-79.2009393081663, 43.4504305577325], [-78.6882981602222, 43.6347506136413], [-76.7762355439301, 43.6295376962652], [-76.753540540958, 43.6842837070006], [-76.4382894715413, 44.0941807930886], [-76.3526814469189, 44.1347518038557], [-76.3126414390657, 44.1990538168851], [-76.2067764057523, 44.2145468240538], [-76.1642603938878, 44.2396118302507], [-76.1618273964248, 44.2807848376063], [-75.9129873220385, 44.3680928633356], [-75.8208212969967, 44.4322478784311], [-75.8077672958935, 44.4716498858886], [-75.7662282858295, 44.5158558953603], [-75.4137941905979, 44.7725429547483], [-75.3699551769729, 44.7828919583492], [-75.2831301536631, 44.8491569734425], [-75.0271270768595, 44.9465770008025], [-74.9927290679528, 44.9774780075633], [-74.9079500403405, 44.9833780120147], [-74.8265780159683, 45.0158740209359], [-74.7313029823423, 44.9904280203407], [-74.6702989633582, 45.0062030255226], [-74.1502367894303, 44.9913660434818], [-73.0651364294927, 45.0159660891212], [-72.2708701627291, 45.0041951160113], [-71.5012379049025, 45.0133491446141], [-71.4980429077192, 45.0701961547306], [-71.4284008879382, 45.1236941665278], [-71.4376228922926, 45.1418961694072], [-71.3973488829511, 45.2035311816013], [-71.4428189006762, 45.2383011861277], [-71.3841378805571, 45.2335181873078], [-71.3565398726493, 45.2539061918239], [-71.3602788750411, 45.2703411945713], [-71.2962348554055, 45.2991532018039], [-71.2649488444754, 45.2938012019375], [-71.2306148298494, 45.2494261953432], [-71.1475608011347, 45.2394441964172], [-71.0982017886944, 45.301682208986], [-71.0085217595786, 45.3192502150884], [-71.0103737621311, 45.3476732199949], [-70.9849757524757, 45.3319162180966], [-70.952379741941, 45.3391262204537], [-70.9178357284115, 45.3117322168222], [-70.921334727407, 45.2792352110155], [-70.8950497159122, 45.2403342050777], [-70.8380666962748, 45.2346272059799], [-70.8489417018543, 45.2630992106099], [-70.8354646993654, 45.2939732164693], [-70.8115406919312, 45.303776218984], [-70.8199016972013, 45.34020422508], [-70.8025336930345, 45.3656862301149], [-70.825737703215, 45.4002742353819], [-70.7980956956228, 45.4265252408869], [-70.7545796810041, 45.4283192426512], [-70.7238476683991, 45.3955802379584], [-70.6781716528427, 45.3942832392481], [-70.6587696451637, 45.3776822369898], [-70.6212696341311, 45.4027452426101], [-70.6507326469321, 45.4449532490036], [-70.6811146577138, 45.4521922492586], [-70.7163966719746, 45.4864762540618], [-70.7225716758996, 45.5136812585934], [-70.6770996630721, 45.5522202668111], [-70.6876926678266, 45.5694312694506], [-70.5585896305241, 45.6664852905808], [-70.5263926195732, 45.6663652916247], [-70.4655526015819, 45.7064833005839], [-70.4004945803403, 45.7197523050218], [-70.3840155757035, 45.7342553080737], [-70.4169715910334, 45.7955423175892], [-70.3962335841825, 45.7986783188131], [-70.3708055779782, 45.8352363259611], [-70.2588225435606, 45.8911783392778], [-70.2630395472037, 45.9240503448026], [-70.2391365403817, 45.9439243490048], [-70.2756285543753, 45.9668183517494], [-70.3158595678481, 45.9630003497741], [-70.2839425591465, 45.9954973564061], [-70.3179965723678, 46.0190843593389], [-70.278356561356, 46.0564293670471], [-70.3109565730196, 46.0641913673075], [-70.3019095711616, 46.08236937072], [-70.285937566888, 46.0998353742363], [-70.252897555629, 46.1003533754089], [-70.2362405529701, 46.145158383623], [-70.2922415752762, 46.1914383896932], [-70.2316885613441, 46.2910354086663], [-70.2059275531089, 46.2996984109867], [-70.2089895561974, 46.3295364159634], [-70.1912245515231, 46.350243420067], [-70.1269925308987, 46.3708174256667], [-70.0969445232266, 46.409487433215], [-70.0565005097592, 46.4155874355694], [-69.9971115085123, 46.6955294848119], [-69.2245192933267, 47.4597866367884], [-69.2121142886949, 47.4552806364373], [-69.1759462761903, 47.4567646378187], [-69.0901382440642, 47.4241456351316], [-69.0432172278895, 47.4267936370309], [-69.030599222184, 47.40742963423], [-69.0549242286461, 47.3775886285482], [-69.0508172190742, 47.2565016086434], [-68.9000851614132, 47.1777286002243], [-68.7170241018635, 47.2405506162565], [-68.6172780673244, 47.2434556197617], [-68.5800500572009, 47.2871246281307], [-68.377968986782, 47.2873896342285], [-68.3846419915966, 47.3260416404378], [-68.3630639859162, 47.3547186458294], [-68.2345129410872, 47.3553046497355], [-68.1548799113737, 47.3251946470895], [-68.1359279028873, 47.2956416427433], [-67.9572758345476, 47.1996036319755], [-67.882894802727, 47.1043266182266], [-67.790195768163, 47.0672296146777], [-67.7812476983504, 45.9434594235858], [-67.7506276863385, 45.9176454199707], [-67.8039107026476, 45.88290741245], [-67.7553186825404, 45.8233594034682], [-67.8061206983476, 45.7949013970943], [-67.8061436960875, 45.7553253902029], [-67.781795686353, 45.7311263866677], [-67.8096216958075, 45.7295833856189], [-67.8029336916014, 45.6960973799651], [-67.8180076966391, 45.6938283791464], [-67.8035026907473, 45.6777053767383], [-67.7272226637488, 45.662678376245], [-67.7179566608546, 45.6676503773719], [-67.7346316677813, 45.6889883806338], [-67.7094656587224, 45.6813893800082], [-67.6455626329764, 45.6132913698771], [-67.6388906313534, 45.6250843721257], [-67.5192155882461, 45.5875773688587], [-67.4499765653458, 45.602473373365], [-67.4232855544874, 45.5715763686795], [-67.4349545560897, 45.528226360756], [-67.416261548207, 45.5013653565482], [-67.4635985648027, 45.5083893564907], [-67.503704577331, 45.4866703515776], [-67.4736715636192, 45.424461341456], [-67.4192855424196, 45.3771313345982], [-67.460311552222, 45.3000273198697], [-67.4896315612576, 45.2821323159068], [-67.4392875410201, 45.2263073073984], [-67.429102535752, 45.1933473018341], [-67.4004485251208, 45.1776112998204], [-67.4049355256969, 45.1599762965697], [-67.3409235019793, 45.1251012921064], [-67.2958804878427, 45.1479772973828], [-67.3026884908543, 45.1607932994752], [-67.2835354859859, 45.1918323054979], [-67.2271934652329, 45.1634713019767], [-67.1588704418354, 45.162044303548], [-67.112586423413, 45.1125792959889], [-67.0216403840626, 44.953934270112], [-66.9688423638111, 44.9104282637194], [-66.9747683622571, 44.841523251222], [-66.8854433294206, 44.7942172450662], [-66.9522683504158, 44.7604312372539], [-67.1408534066304, 44.6082742048963], [-67.2358704362671, 44.5581511933281], [-67.3008194578604, 44.5498661901015], [-67.3359824683627, 44.5227061842526], [-67.4433955038489, 44.5052881782205], [-67.4442265028614, 44.4811351738278], [-67.4730265108923, 44.4483481671147], [-67.5675845402042, 44.39721815529], [-67.7153285896097, 44.3865101493244], [-67.7747496110279, 44.4113231521942], [-67.805568620363, 44.3910241476668], [-67.7952616152827, 44.361174142535], [-67.8237276230791, 44.3270471355552], [-67.8744426396707, 44.3169341323197], [-67.9251776581249, 44.3414431353675], [-67.9994456799061, 44.2802061221794], [-68.1282797225201, 44.2642621156819], [-68.1226257185405, 44.2260501088873], [-68.1707497328189, 44.1901231009937], [-68.175857731018, 44.125092088989], [-68.2033597389016, 44.0995960835606], [-68.2631357585428, 44.0906260802392], [-68.3113927727654, 44.0534380720792], [-68.4368428149616, 44.0532420684836], [-68.568387853957, 43.9579790472878], [-68.6595858840396, 43.9480000428375], [-68.721477905596, 43.9619470436053], [-68.7426489116624, 43.9431560395499], [-68.6792578892902, 43.9234640377723], [-68.6694328830225, 43.8695850281676], [-68.7853239182952, 43.8043480128291], [-68.786138916583, 43.7683730061848], [-68.8172339254178, 43.7396549999941], [-68.8614499398347, 43.7325239973964], [-68.9201689603254, 43.747400998427], [-68.9498359720854, 43.7801790035943], [-69.0099219932339, 43.7984450051935], [-69.022784000013, 43.8425160129137], [-69.0558940120314, 43.8589200149507], [-69.0830050192441, 43.8256560080439], [-69.1498250399394, 43.7957440005735], [-69.1971990558161, 43.796000999217], [-69.2365540706727, 43.8256350034913], [-69.2623400787244, 43.8153830008409], [-69.2332760670428, 43.7809709953827], [-69.2380970669087, 43.7500929895602], [-69.2829480798581, 43.7137749815404], [-69.3350930967701, 43.7044939782761], [-69.3875881161224, 43.7361139825267], [-69.3872791196109, 43.7990249941012], [-69.4092701276452, 43.8108259956081], [-69.5057851580757, 43.778464986758], [-69.5190901598618, 43.7321309778385], [-69.5509381690714, 43.7071529722803], [-69.617288190818, 43.6998229689217], [-69.6647452073605, 43.7117569696759], [-69.730396226132, 43.6572819576468], [-69.8552122671871, 43.6469559519239], [-70.15598636026, 43.5244529200258], [-70.2803973948388, 43.4087468947442], [-70.3189484065567, 43.3901468900917], [-70.3673974187145, 43.3233258761824], [-70.4932304583295, 43.2868378654477], [-70.5208314654316, 43.2521128581252], [-70.506324458655, 43.2188388523967], [-70.5216754599755, 43.1548918400068], [-70.486362449177, 43.1702728439855], [-70.4409384339071, 43.1666488447392], [-70.4072274210819, 43.1384478405403], [-70.4062434186334, 43.1021008337894], [-70.4397724282501, 43.0765508279676], [-70.4930144456787, 43.073051825642], [-70.5301994592054, 43.093740828334], [-70.5401274646571, 43.1305558348886], [-70.553032468522, 43.1235878331819], [-70.5996584800406, 43.0569478192716], [-70.5583534658009, 43.0472728187683], [-70.5325424556614, 43.0200028144838], [-70.5445934548437, 42.9376877986934], [-70.6140864763711, 42.912870791852], [-70.6677774949712, 42.9274727928927], [-70.6943955054885, 42.9567627975362], [-70.726024514283, 42.9285327912453], [-70.7488305177251, 42.8588397774518], [-70.714324498926, 42.731919754679], [-70.6259434702193, 42.7397327589376], [-70.5493064440289, 42.7241727584113], [-70.5139344298507, 42.6806027512993], [-70.502143423375, 42.6354797431451], [-70.5217934274519, 42.5934677345881], [-70.6062904517377, 42.5312287201643], [-70.6887044636021, 42.2634766666856], [-70.6401134456548, 42.2283806615042], [-70.6429464437567, 42.1781936518259], [-70.6083814301782, 42.1384876453043], [-70.2774303201475, 42.1143536508716], [-70.1725422867846, 42.1345236579327], [-70.0670982505257, 42.1053356555268], [-70.0115912305425, 42.0733866510647], [-69.9091781898158, 41.942070628858], [-69.8665251691447, 41.8170196059726], [-69.8589501608323, 41.7069245848642], [-69.8681251611971, 41.6567995748594], [-69.9153991731282, 41.5892515603234], [-69.9364011764663, 41.5219445465912], [-70.0403132075188, 41.465968532586], [-70.1015082279767, 41.4744525324162], [-70.1266772377542, 41.5037065373679], [-70.1225592382166, 41.5378415441417], [-70.0633522216181, 41.5901815560998], [-70.077934227578, 41.6125365600109], [-70.1815002604642, 41.5935555532145], [-70.2494632809135, 41.5601545446718], [-70.3112543017058, 41.5710705449289], [-70.3951643283697, 41.5567305395965], [-70.4485673434724, 41.5131015294837], [-70.5086033623218, 41.4989735249039], [-70.4896893542052, 41.46298551847], [-70.4364493371382, 41.4689275212476], [-70.392892321656, 41.4454885179993], [-70.3834493145383, 41.3699415035356], [-70.2672832778603, 41.3934345116297], [-70.2151152590694, 41.3602835067159], [-70.1379402331335, 41.3463795063046], [-70.097844220416, 41.353592508912], [-70.1165412287083, 41.39514051648], [-70.0944122233552, 41.4308185241113], [-70.0442722076477, 41.4438095281425], [-70.0064671947669, 41.4339065273327], [-69.9696341811334, 41.4035195224872], [-69.8937891502824, 41.2869335018977], [-69.9029921507798, 41.2384244921067], [-69.9420081617667, 41.2045284842989], [-70.0124831838632, 41.1870614787853], [-70.1096842157184, 41.1898114764442], [-70.2857362758962, 41.2423544815008], [-70.3440832967124, 41.2761544863719], [-70.4598513338876, 41.2652614807407], [-70.5121993527185, 41.2983214856257], [-70.5718483722616, 41.3001024841587], [-70.7031064144466, 41.2890484779824], [-70.7541884271535, 41.2160994621314], [-70.8236454489307, 41.2006574569691], [-70.8663434636246, 41.2154054585423], [-70.8905414730019, 41.2430994632177], [-70.8903374747976, 41.2773704699293], [-70.8700274692557, 41.2970764744107], [-70.9010054813905, 41.3346214807871], [-70.8960174817063, 41.3701564878779], [-70.9557525000727, 41.3501694821227], [-70.9994805145307, 41.3541114815307], [-71.0327015267889, 41.3802814855985], [-71.0336045289462, 41.4140934921596], [-71.0850385467736, 41.4334754943239], [-71.4948056730779, 41.3073634567986], [-71.5752536999831, 41.3209634568802], [-71.6950437367282, 41.282655445569], [-71.7914807674376, 41.272173440417], [-71.7906357575424, 41.1018454071616], [-71.7774917513431, 41.0673004008162], [-71.7941397550367, 41.0369853943372], [-71.8701397774024, 40.9969793840421], [-72.3745299303299, 40.8186033325809], [-73.2740262043234, 40.5513222498886], [-73.3262732214092, 40.5569242492209], [-73.4864972706421, 40.5205132365752], [-73.7839703666058, 40.532395228687], [-73.8866533969217, 40.4898022167323], [-73.8982093878559, 40.2743611737427], [-73.9652763997785, 40.1129581393775], [-74.0381594019319, 39.7501280643827], [-74.0833174116534, 39.6695700466586], [-74.265919455447, 39.4224229906016], [-74.36251448053, 39.3257889677497], [-74.46161651047, 39.3010309593335], [-74.5652425380735, 39.2106499374548], [-74.6246035530029, 39.1435879218024], [-74.646875556207, 39.0762199073474], [-74.7155725740764, 39.0092238913501], [-74.7334245773523, 38.9676658822707], [-74.8243306019527, 38.8962698645802], [-74.9079876273268, 38.8793238582337], [-75.0173676564854, 38.7866468355251], [-74.9843876306174, 38.5099367799274], [-74.9996266277416, 38.3716757509192], [-75.166436661122, 38.0278416740236], [-75.6244508022757, 37.9942026513255], [-75.6477018069205, 37.9469706407166], [-75.7046358250916, 37.954705640354], [-75.7616438421174, 37.9413736356112], [-75.8012418528371, 37.912181628176], [-75.9526738996787, 37.9068346217996], [-75.9436948990694, 37.9461406302678], [-76.0520229331929, 37.9535856280236], [-76.2364599867845, 37.8866126076657], [-76.3333740200572, 37.9429636159215], [-76.4129360460885, 37.9663396179395], [-76.46501006492, 38.0132276257777], [-76.5166110817154, 38.0267906267389], [-76.5364590906266, 38.0749106359548], [-76.5961581109863, 38.1066836403631], [-76.6054321162966, 38.1489406487268], [-76.8393701897611, 38.1636166433063], [-76.9490222263843, 38.2084256485196], [-76.9620882332798, 38.2569716579905], [-77.0281332566102, 38.3053246654715], [-77.0114662555205, 38.3744326802018], [-77.0415072663999, 38.40069968446], [-77.0842402777645, 38.3687466763699], [-77.1382262944606, 38.3679236742163], [-77.1632213008994, 38.3458306687874], [-77.2765833355624, 38.3378886629857], [-77.319938353975, 38.4212026783601], [-77.3185443567392, 38.4744446892441], [-77.2463643415205, 38.5934487160962], [-77.1296843077787, 38.6347117288012], [-77.122634308642, 38.6852637393086], [-77.0433462859992, 38.7184477489734], [-77.0404672894634, 38.7904127636405], [-76.9093952548784, 38.8928597892039], [-77.0408843021414, 38.9958528050545], [-77.1197613229284, 38.9343507897229], [-77.1487753338475, 38.9650437948133], [-77.235198361428, 38.9760877937864], [-77.2557533694123, 39.0017567981707], [-77.2465703679922, 39.0249678031788], [-77.3046643877139, 39.0513778062851], [-77.4609734378228, 39.0750638051036], [-77.4854034475692, 39.1093178110311], [-77.5206704593001, 39.1214428121115], [-77.5276824629433, 39.1446658164871], [-77.4579104463291, 39.2254538352903], [-77.543088475472, 39.2669238402987], [-77.5666004852803, 39.3060548471897], [-77.6159125004064, 39.3025558445954], [-77.6768125207645, 39.3245658466254], [-77.7306995369552, 39.3156108427621], [-77.8283015555905, 39.1324338025008], [-78.3470897382263, 39.4660198484171], [-78.3599207384509, 39.409035836655], [-78.3432167319413, 39.3888148333189], [-78.3668697373372, 39.3592978265453], [-78.3392867280853, 39.348612825521], [-78.4194247469549, 39.2574838043039], [-78.3996717399496, 39.243881802386], [-78.4386977490485, 39.1981007917621], [-78.4036997362226, 39.1674587870548], [-78.4753787545079, 39.1074767723085], [-78.4899164971531, 39.1405675503149], [-78.5352124324082, 39.1596948223269], [-78.5428795140137, 39.1325915466402], [-78.5607553262886, 39.1287190941648], [-78.5636243025259, 39.1033669910126], [-78.540789521537, 39.0890465820656], [-78.5565285143253, 39.0724605341455], [-78.6160155319851, 39.0613515295882], [-78.6488365433855, 39.0807495321491], [-78.7033945580296, 39.0468825232558], [-78.7862958698612, 38.9430123352958], [-78.80753611063, 38.946392157129], [-78.8947218627813, 38.7807596906257], [-78.993999897825, 38.8501097005452], [-79.0272559042997, 38.7921206876529], [-79.0549569124057, 38.7857206852763], [-79.0572559115402, 38.7614206803314], [-79.1058031575891, 38.7941645389429], [-79.1517287054562, 38.7131500619369], [-79.2233687361887, 38.6315882737778], [-79.2440063244138, 38.6299017026212], [-79.2526428056134, 38.5918806946647], [-79.3240615321505, 38.5084494831065], [-79.3597535437052, 38.4244522508258], [-79.4766410205968, 38.4572356027746], [-79.5368730450822, 38.5509246191509], [-79.6490780820669, 38.591522622777], [-79.669778085719, 38.5503236137114], [-79.6621770811141, 38.5152246069941], [-79.6975750901236, 38.4872305999724], [-79.6896700840988, 38.4314695891161], [-79.7295150930304, 38.3812015774407], [-79.7256000907156, 38.3638355741112], [-79.7644351021052, 38.3565215710921], [-79.8101571128567, 38.3067145592628], [-79.7889481039435, 38.2687105524692], [-79.9200781384091, 38.1825365298987], [-79.918665136204, 38.154797524368], [-79.9452611428653, 38.1322465187637], [-79.9264001354808, 38.1065505143339], [-79.9993861506003, 37.9949154888924], [-80.1622051925047, 37.8751294581931], [-80.2276932075071, 37.7978994399468], [-80.2166082027618, 37.7759684359398], [-80.2574142138893, 37.7560914302891], [-80.2530802106768, 37.7259064243354], [-80.2959192215887, 37.6928454159245], [-80.2675072100527, 37.6461634075621], [-80.2209871948035, 37.6277744056585], [-80.2402751993525, 37.6069684006627], [-80.4150081167073, 37.5177779755997], [-80.5614452879959, 37.4697823600276], [-80.7598893419938, 37.3748893328185], [-80.859460375436, 37.4294983399809], [-80.8832503797544, 37.3839403297579], [-80.8494543672557, 37.3469163235578], [-80.9441763926546, 37.2965823095269], [-81.1041504398024, 37.2806122998959], [-81.2251074733043, 37.2348812857418], [-81.3644955216598, 37.3380033011325], [-81.4160325330705, 37.2736332859727], [-81.4801475508892, 37.2511282788139], [-81.4990995570046, 37.2579592794392], [-81.5076395580372, 37.2337192741653], [-81.554708570528, 37.2079972670358], [-81.6782246071263, 37.2015472607388], [-81.723064623019, 37.2405002668383], [-81.7401276279541, 37.2377592655901], [-81.7571406354867, 37.2761542726915], [-81.8499526638472, 37.285234270757], [-81.8604926689635, 37.3159492765495], [-81.9284656921576, 37.3604682827797], [-81.936747695939, 37.3807372865375], [-81.9229596937872, 37.4113962932966], [-81.9356246993208, 37.4384042982295], [-81.9870097157654, 37.454885299442], [-81.9965817200443, 37.4767123034483], [-81.9266807014764, 37.5130643136528], [-81.9447517069257, 37.513647313026], [-81.9439677078369, 37.5312893166117], [-81.9677217150679, 37.5331043159977], [-81.9700957166656, 37.5467313186428], [-82.0108117279529, 37.5328723141725], [-82.0413807381085, 37.5483073160148], [-82.0466497383614, 37.5280003117114], [-82.0751827487173, 37.5558603161351], [-82.1332507658919, 37.5528393131219], [-82.1449177703518, 37.5676623156165], [-82.1273437663324, 37.5865523201402], [-82.1568547755658, 37.5927303201552], [-82.1642497795888, 37.6202973253803], [-82.18120178474, 37.6215173249196], [-82.1750787846413, 37.6478393304531], [-82.1911197892263, 37.644593329134], [-82.1872317869039, 37.6269913257665], [-82.2145027949561, 37.625407324313], [-82.2360698036638, 37.6596413302749], [-82.3044818252212, 37.6762933307501], [-82.2963788245153, 37.7021923362715], [-82.3341778385148, 37.7427783428004], [-82.3119898333149, 37.7643273480367], [-82.3333838397193, 37.7644213471569], [-82.3238898375856, 37.7750023496686], [-82.3867288592677, 37.8182323556485], [-82.4013258630485, 37.809519353296], [-82.4246268735014, 37.8614563626603], [-82.4075168687781, 37.8673043645479], [-82.419932873674, 37.8848773675209], [-82.4629948885718, 37.9148273716543], [-82.4744108909814, 37.8999623682147], [-82.4806608946214, 37.9261763731606], [-82.5024379016256, 37.9334603736832], [-82.4645698937185, 37.9838833853046], [-82.5191969112303, 38.0011383864031], [-82.5503649252575, 38.070113398739], [-82.6369929558754, 38.1387254085928], [-82.642955959777, 38.1694534144027], [-82.612529950756, 38.1706194159409], [-82.599140948585, 38.1972124217641], [-82.608675954673, 38.2439754305736], [-82.5840629474643, 38.246269432086], [-82.5745219458716, 38.2645124360916], [-82.5830389506632, 38.2968144420855], [-82.5717599487023, 38.3172024465847], [-82.5981249586002, 38.345940451098], [-82.6036129681941, 38.459540473163], [-82.6982890025083, 38.5437774855328], [-82.7964420332014, 38.561943484789], [-82.8422170488053, 38.5885844879811], [-82.8771210663611, 38.6878605057863], [-82.8797900717465, 38.7515915180586], [-83.0269801140915, 38.7275615068742], [-83.0622901219165, 38.6896204979405], [-83.1120621355191, 38.6718504922815], [-83.142657141294, 38.62510348184], [-83.2014491582559, 38.6167374776066], [-83.2452261721943, 38.6287184779906], [-83.2930231841566, 38.5967714696597], [-83.3625572092706, 38.6570664782673], [-83.4681372421042, 38.6754834771168], [-83.5207592598096, 38.7031014801033], [-83.6255342892596, 38.6788834707121], [-83.6482902925963, 38.631825460585], [-83.6687222982931, 38.6265494586459], [-83.7691243302562, 38.6550824596452], [-83.7843903378463, 38.6965884669729], [-83.8361963547834, 38.7173084686278], [-83.8702033681668, 38.7615394756106], [-83.9618463973432, 38.7874994764404], [-84.0707834284409, 38.7704214681909], [-84.2131194733392, 38.8058424684806], [-84.2317464808509, 38.8323084727001], [-84.2340314859749, 38.8914144839149], [-84.2887815070811, 38.9556514936711], [-84.3060785161727, 39.0077605028162], [-84.3482085309678, 39.0377905065871], [-84.4262605552973, 39.0530495058653], [-84.4524745681544, 39.1192405172285], [-84.6078936107053, 39.073301501241], [-84.6860776359877, 39.1008095027983], [-84.7427896564039, 39.1475645089924], [-84.8201616760406, 39.1054964973844], [-84.8973406951374, 39.0574274846446], [-84.8300536686991, 38.9725674717056], [-84.8772806778084, 38.9094874575032], [-84.785279648406, 38.8804324562724], [-84.829972657806, 38.8305804446886], [-84.8132426494548, 38.7857354369134], [-84.8872896719999, 38.7947834351913], [-84.9417646866173, 38.7756894290098], [-84.9919317016278, 38.7785444272122], [-85.1730527480751, 38.6880294014922], [-85.2130577604093, 38.695460401037], [-85.268445780109, 38.7400984069402], [-85.4354138283308, 38.729101396994], [-85.456917831546, 38.6887243883055], [-85.4159818099919, 38.5636613664035], [-85.4233948097534, 38.5318523599848], [-85.4697238215981, 38.508883353432], [-85.5057998288251, 38.4646713432991], [-85.6069588564755, 38.4385813335832], [-85.6792178670162, 38.2980163033182], [-85.7432178834083, 38.2672902944479], [-85.7813138961286, 38.2885272967363], [-85.8292209092103, 38.2765152921985], [-85.84438591022, 38.2310552827861], [-85.9062489235553, 38.1682682678672], [-85.9049949173361, 38.0898252528722], [-85.9256589183016, 38.0217912388354], [-85.9471189233119, 38.0050922346277], [-86.0283179460678, 37.9933362285982], [-86.0408259471154, 37.9583732212922], [-86.094606966494, 38.0088162284914], [-86.1780309908659, 38.0105182249316], [-86.2646970193501, 38.0548602293849], [-86.2784360256743, 38.0860032347048], [-86.2728520281755, 38.1408422454567], [-86.3617110583559, 38.1987052523221], [-86.3765780604509, 38.1693622460225], [-86.3258790445724, 38.1540362454845], [-86.3255560431042, 38.1358162420188], [-86.3811670587208, 38.1288302380675], [-86.4018840628854, 38.1043362324128], [-86.4323490733836, 38.1263432351818], [-86.4616910814534, 38.1205092326849], [-86.4628210801904, 38.0994382286081], [-86.4310330690396, 38.073783225202], [-86.4539080738899, 38.0500882195959], [-86.5216930927373, 38.0394902143816], [-86.525100088365, 37.9680882005613], [-86.5070940802977, 37.9299241940942], [-86.588485103216, 37.921353188637], [-86.5991551021402, 37.8655671774441], [-86.6380141116795, 37.8427791712542], [-86.6622461194345, 37.8528571720521], [-86.6471321192381, 37.9087571834725], [-86.680402129331, 37.9150841831212], [-86.7325681428855, 37.8947531767779], [-86.7948981679901, 37.989177191888], [-86.8198091759586, 37.9993981926606], [-86.9198392000832, 37.9363971759084], [-87.034171230779, 37.9062721647503], [-87.0661112325195, 37.8070611442945], [-87.1083382428517, 37.7827361376517], [-87.1302292494942, 37.7873171374941], [-87.1617092624929, 37.8397711460229], [-87.2199502799346, 37.8488971450035], [-87.3836643336754, 37.9370201539813], [-87.4479953525559, 37.9422941519069], [-87.5108693678443, 37.9061071420291], [-87.5613603843506, 37.9325821446338], [-87.5882953953648, 37.9755191514775], [-87.6283944031897, 37.9275701404672], [-87.5837423866104, 37.8780871332223], [-87.6155883922199, 37.8318551229194], [-87.6775164101184, 37.8339401203524], [-87.6634474100514, 37.8859201308892], [-87.6748564145326, 37.90178813335], [-87.829706456924, 37.8764621211092], [-87.8954654796883, 37.9279971276878], [-87.9402194893711, 37.8875451178805], [-87.9036524735009, 37.8167921062504], [-87.9459964822994, 37.7735850960269], [-88.0354615105863, 37.8095270985296], [-88.05641755455163, 37.80724513560389], [-88.0280215076722, 37.7991950969326], [-88.0593385123127, 37.7429740847777], [-88.1221565277065, 37.7099650755018], [-88.1601055346767, 37.6594750641064], [-88.1335155206623, 37.5744240492325], [-88.0690234985976, 37.5253310429715], [-88.0654354948319, 37.4887670361764], [-88.0858884993564, 37.4714190318965], [-88.2816365536336, 37.4527360190104], [-88.3643955733136, 37.4017610053584], [-88.4101185880655, 37.4254070076742], [-88.4696266028494, 37.3974959995215], [-88.5157636074389, 37.2840989757314], [-88.4248465719356, 37.1526769549466], [-88.4592735759888, 37.0752549384965], [-88.5660666062038, 37.0752109334494], [-88.6151356230269, 37.1151959387762], [-88.7329606584793, 37.1442979387419], [-88.8025596813742, 37.1878679437314], [-88.9314297206945, 37.2273849450871], [-88.98721306610877, 37.22401790264839], [-89.0757397574787, 37.175501928317], [-89.1114147632975, 37.1189949158729], [-89.1738307769276, 37.0663149028722]]]}}, {"type": "Feature", "properties": {"GACCAbbreviation": "GBCC", "DispUnitIDs": ["USIDBDC", "USIDCIC", "USIDEIC", "USIDPAC", "USIDSCC", "USNVCNC", "USNVECC", "USNVEIC", "USNVLIC", "USNVSFC", "USUTCDC", "USUTMFC", "USUTNUC", "USUTRFC", "USUTUBC", "USWYTDC"]}, "geometry": {"type": "Polygon", "coordinates": [[[-113.935047376077, 36.1583881668311], [-113.935123602964, 36.1257606638962], [-113.980369079203, 36.1121854714119], [-113.978641371854, 36.0279711083698], [-114.013729260333, 36.0265670750024], [-114.014049375547, 35.9965531023627], [-114.031948258872, 35.9960681051847], [-114.032085582557, 35.9819007774674], [-114.121120390913, 35.9672408881376], [-114.121013387435, 35.9093680851737], [-114.298939420752, 35.909074074053], [-114.299389421798, 35.9404769477877], [-114.334965430347, 35.9393970754361], [-114.334957341934, 35.9667754817109], [-114.367695439067, 35.966951076683], [-114.367588278405, 35.9812865894014], [-114.388324967259, 35.9811034830804], [-114.388324964518, 35.9521690006271], [-114.406063443738, 35.9406370711412], [-114.53084246695, 35.9403430633027], [-114.549244477699, 36.0280128155564], [-114.619236270771, 36.0182470749973], [-114.619373587845, 35.9239383158163], [-114.602215077632, 35.9236369558536], [-114.601650501816, 35.8949237264796], [-114.581920882133, 35.8947101046857], [-114.572498573437, 35.8527789472855], [-114.57273506028, 35.5922217431428], [-114.624798011912, 35.5919890179244], [-114.622761002599, 35.5052828706571], [-114.588688120278, 35.5052180227264], [-114.58879302027, 35.4609522703993], [-114.567203737251, 35.4607767956903], [-114.568103959788, 35.4207224698123], [-114.518436634586, 35.420882689842], [-114.509029397311, 35.2254039787532], [-114.534763400828, 35.211247884496], [-114.53474039827, 35.1824469720024], [-114.568792064625, 35.1716319236575], [-114.578274631599, 35.1288151938963], [-114.64516364188, 35.1050001870281], [-114.602919630865, 35.0685931851175], [-114.634743633699, 35.0337391789973], [-114.633498630685, 35.0018621751959], [-115.695448901498, 35.8462632103493], [-116.880612178583, 36.7568693107557], [-116.880474098413, 36.8424711539374], [-116.553033989672, 36.8429802309259], [-116.878910553142, 36.8425027040456], [-116.878430854246, 37.0164572646458], [-117.226968347284, 37.0167231050415], [-118.108916755895, 37.6657721673451], [-118.121601987375, 37.6864421555052], [-118.122950190715, 37.8027155269604], [-118.232176929345, 37.8030088291968], [-118.244075007765, 37.9903081947759], [-118.460808757764, 38.0098011260345], [-118.472863961362, 38.254729675862], [-118.611110389696, 38.2546524667278], [-118.660095668189, 38.2057342574545], [-118.797636685982, 38.1605562430853], [-118.949722724172, 38.2689702422383], [-118.968709725344, 38.2520832392478], [-118.97135672204, 38.2203312360525], [-119.006133094721, 38.2363211070117], [-119.069949942222, 38.2268251034325], [-119.028929378095, 38.1987893457973], [-119.082536608701, 38.1706303532151], [-119.13937872995, 38.1605111121023], [-119.194711753866, 38.1753602154465], [-119.182240741523, 38.0876232081105], [-119.262637517224, 38.0481820045432], [-119.2624222587, 38.0353818573557], [-119.307506254534, 38.0301535665849], [-119.349857768976, 38.0855711956913], [-119.430558785853, 38.1162741926606], [-119.440480785074, 38.0956831900178], [-119.459817788321, 38.0962821886607], [-119.496502801427, 38.1566581915841], [-119.506502800772, 38.1371181890391], [-119.546831808109, 38.1432731866545], [-119.576508814663, 38.1576661858097], [-119.585639819305, 38.1843801876065], [-119.632683828711, 38.1988631854834], [-119.624434830888, 38.2286781888346], [-119.60456582884, 38.2388371912334], [-119.651521842174, 38.2864671921448], [-119.627927095684, 38.3482671195562], [-119.681021900817, 38.4021103405373], [-119.680231575274, 38.4402366740727], [-119.705241961045, 38.4542133434811], [-119.729120603632, 38.4433308607109], [-119.735090918003, 38.471485032824], [-119.766587523615, 38.4754093908283], [-119.769101739003, 38.5165332843667], [-119.833056713644, 38.5512869627153], [-119.853505593219, 38.6025386157955], [-119.907822991262, 38.5960788411295], [-119.92466349886, 38.6358299334256], [-119.985782022101, 38.6629280312373], [-119.981787643617, 38.7615648303282], [-119.947939950612, 38.781647214685], [-119.906324953031, 38.8555102244242], [-119.87776294998, 38.8683162277413], [-119.900036530696, 38.9250167410803], [-119.853206737163, 38.9576379475611], [-119.889295195734, 38.9790434766948], [-119.877980794934, 38.987328998297], [-119.890248867709, 38.9934935479019], [-119.892407987949, 39.0717215546555], [-119.878820047027, 39.081902986602], [-119.903806315795, 39.1188673979359], [-119.882657630133, 39.1798873049464], [-119.910405747588, 39.20279456481], [-119.896268496084, 39.2868209032813], [-119.941983848446, 39.3248534430448], [-119.958943986905, 39.2915549388132], [-120.005519902996, 39.2800579941804], [-120.057603531263, 39.4326850833701], [-120.039218306913, 39.4986729205233], [-120.066929196153, 39.5347257914505], [-120.085576646178, 39.5347055159772], [-120.085588654925, 39.5782764437261], [-120.104285857967, 39.5783289422518], [-120.104361243272, 39.6183423456815], [-120.138664753131, 39.6507018057331], [-120.129653787337, 39.6932961200916], [-120.14719401408, 39.7075263909112], [-120.146593105842, 39.7364112824232], [-120.127776102756, 39.7361642839022], [-120.110640103939, 39.7657842877964], [-120.099557965765, 39.8670624273091], [-120.089887876162, 39.8816329793239], [-120.061742021585, 39.8816499315837], [-120.043659202561, 39.9106161355012], [-120.051371947733, 39.9394875573366], [-120.079331262286, 39.9395003050883], [-120.080024566333, 39.9684445874879], [-119.998204811854, 39.9673513649857], [-119.996313843712, 40.2449872796465], [-119.960683615888, 40.2449947355535], [-119.960797915894, 40.2160681111023], [-119.903148429507, 40.2019802106038], [-119.884729154493, 40.1585842124198], [-119.827560186064, 40.1726985982621], [-119.828082805064, 40.2082553942436], [-119.77783290986, 40.2303005462078], [-119.830058842567, 40.3818126897841], [-119.503547156677, 40.3606021727139], [-119.790550592751, 40.379534411831], [-119.79060809124, 40.4043321419228], [-119.8442075647, 40.437373759307], [-119.84254817546, 40.4659763618506], [-119.786411722233, 40.4872700232665], [-119.783347891371, 40.5553318432472], [-119.748867921679, 40.5552714690911], [-119.744919049569, 40.6921684209143], [-119.725534956294, 40.6916462704817], [-119.706403551358, 40.7210652005389], [-119.753767813549, 40.7652751732914], [-119.762907998275, 40.7944738529647], [-119.796461062309, 40.8048262160235], [-119.788701880321, 40.9715992725101], [-119.703956458072, 40.9631420949413], [-119.684905520765, 40.9484292433204], [-119.578283955057, 40.9482800452666], [-119.568860942072, 41.0068890669525], [-119.533900660532, 41.0223863891904], [-119.53468996313, 41.0391712555249], [-119.493702105231, 41.0454800305072], [-119.464709991738, 41.0817527469844], [-119.436302009019, 41.0819089123955], [-119.426897137907, 41.1256443968471], [-119.407467074952, 41.1343808572206], [-119.407475390473, 41.171630120332], [-119.436145594583, 41.2006880183243], [-119.441025979352, 41.2406558892358], [-119.422913923659, 41.2496041145196], [-119.427722526628, 41.2640982353158], [-119.474306166136, 41.2421585345314], [-119.510859234139, 41.2615958160334], [-119.503781329225, 41.3766092571425], [-119.557694890209, 41.4228779493331], [-119.629248039004, 41.4220677711301], [-119.635708477063, 41.5730159798925], [-119.818981174928, 41.5627958742331], [-119.822813345762, 41.5771451940595], [-119.548735553291, 41.5842995623213], [-119.475076926577, 41.5555033373189], [-119.475304642677, 41.5297008361824], [-119.425752437383, 41.5034318352853], [-119.354582483114, 41.514367404305], [-119.349360121928, 41.5386037597549], [-119.311762130729, 41.5328049035101], [-119.292160442884, 41.4633641784418], [-119.25365635859, 41.4777618469388], [-119.2441347707, 41.5679014002333], [-119.214895938126, 41.5898553545699], [-118.945058643278, 41.5953405462546], [-118.941709364162, 41.7610967853941], [-118.971860735238, 41.7607534607538], [-118.971670017973, 41.8688276577417], [-118.772527527753, 41.867317054933], [-118.77236030129, 41.9925451963869], [-117.6119739651, 41.998541704831], [-117.611257214677, 42.0607413973184], [-117.582494393758, 42.0682754274727], [-117.582524912968, 42.0823631056982], [-117.562398565331, 42.0755462428521], [-117.572934765722, 42.104412058453], [-117.5330330245, 42.0971412482879], [-117.512921929039, 42.0466956886249], [-117.493772144568, 42.0462531852466], [-117.503839543052, 41.9993683132651], [-117.026212898789, 42.0002007395963], [-117.021563199213, 43.8194078970796], [-117.032591203129, 43.8301868969552], [-117.011595200219, 43.8410508988043], [-117.020048205932, 43.8589619005103], [-116.98295320171, 43.8677159036782], [-116.981158208542, 43.913698908668], [-116.961548206791, 43.9183939108797], [-116.960490212133, 43.9551089130275], [-116.972444214834, 43.9579929131548], [-116.959219212908, 43.9663659150799], [-116.97605821854, 43.9750639142338], [-116.935314213505, 43.9886219191514], [-116.936147220548, 44.0271459222675], [-116.973198231327, 44.0494309206545], [-116.977364238547, 44.0853699232325], [-116.933714233194, 44.1000489285247], [-116.894096237777, 44.1601969361979], [-116.925405248197, 44.1915499368471], [-116.971688258718, 44.1972619329741], [-116.97933434438806, 44.2464910585261], [-117.031875165076, 44.2486410955285], [-117.051443842037, 44.2287538060622], [-117.104219865013, 44.2799481092701], [-117.16105739434, 44.2577637251102], [-117.216987628122, 44.2883629573192], [-117.217856746725, 44.3071858887607], [-117.189782148998, 44.3365908177918], [-117.243039893705, 44.390979925143], [-117.215085444285, 44.4271678407064], [-117.225089309321, 44.4823520921934], [-117.149255777463, 44.5361571337263], [-117.148268754537, 44.5643770770867], [-117.124767701866, 44.5838399028881], [-117.062286506279, 44.727149165341], [-116.934713384514, 44.7838868191058], [-116.898633674087, 44.8537501461686], [-116.857051782539, 44.880776190329], [-116.832003383852, 44.9330131649231], [-116.850997137819, 44.9615620753776], [-116.826284483249, 44.9824991104327], [-116.857995012129, 44.9773259369621], [-116.847957461951, 45.0226081235428], [-116.729620144017, 45.1420970205113], [-116.703193955254, 45.2408062299292], [-116.635420558131, 45.2588423179496], [-116.63435717677, 45.2220316281201], [-116.613019942736, 45.2063161869362], [-116.61696354831, 45.1538602893604], [-116.562689584654, 45.1407960875654], [-116.525961964209, 45.210141227683], [-116.531960463574, 45.2679771527296], [-116.342800310061, 45.2678845780792], [-116.362602497198, 45.30595001822], [-116.34755658214, 45.3304043056462], [-116.358025284983, 45.370649501857], [-116.326294348251, 45.4126791333143], [-116.30221730727, 45.4155198018878], [-116.263601125875, 45.4200601520137], [-116.209942506619, 45.3990627245488], [-116.144006165747, 45.427627195267], [-116.110629260315, 45.4015750854097], [-115.929206630276, 45.4598920937763], [-115.801841241568, 45.4680479648213], [-115.753989109832, 45.4446754365569], [-115.667445417238, 45.4343926611072], [-115.613207384526, 45.3969890452796], [-115.509190334367, 45.3756178375684], [-115.427745702669, 45.4576954142508], [-115.335484232249, 45.485383933481], [-115.295457547335, 45.5355924935307], [-115.25389362103, 45.5394488138801], [-115.215696134515, 45.5695006250836], [-115.184914238056, 45.5670814288669], [-115.064547849469, 45.5101918387612], [-114.981890490952, 45.4928560262871], [-114.874394716527, 45.4188026223828], [-114.802950578677, 45.3937368421181], [-114.80301081558181, 45.39254544390257], [-114.734923057654, 45.3954212457931], [-114.769140071952, 45.4345632458441], [-114.795064078137, 45.4402212438328], [-114.788259090863, 45.5124952506262], [-114.734163075834, 45.4899032539194], [-114.690539067426, 45.490782258194], [-114.663738059307, 45.4710112590863], [-114.632009061428, 45.51918326625], [-114.565012055741, 45.5578092759995], [-114.527273050832, 45.5708612807508], [-114.498093042055, 45.555467282245], [-114.471959038787, 45.5652292855974], [-114.456090035062, 45.5622462868697], [-114.463925033258, 45.5450352846402], [-114.430587023632, 45.5295162865147], [-114.424696018653, 45.5099172853962], [-114.367214002751, 45.4918602893603], [-114.330059989153, 45.4597282901479], [-114.269904983008, 45.4845582980618], [-114.248462990633, 45.545819305419], [-114.193620977873, 45.536378309866], [-114.086114968128, 45.5914703249629], [-114.066750970413, 45.6281723300078], [-114.015282964911, 45.6527723370903], [-114.028322971922, 45.6752433377851], [-114.0154949734, 45.6959073408108], [-113.988538969969, 45.70598334428], [-113.964828962082, 45.6900253451778], [-113.937474957675, 45.6955713482917], [-113.919868946811, 45.6581233467268], [-113.895290939085, 45.6438533478438], [-113.904703936718, 45.6220133450348], [-113.861601928407, 45.6238263493283], [-113.806443912988, 45.6016363526733], [-113.796758907141, 45.5815793518415], [-113.821481909086, 45.5659543481041], [-113.834790901991, 45.5206633428546], [-113.766034889148, 45.5206273494198], [-113.759926880156, 45.4804063464565], [-113.784276881144, 45.4548923418832], [-113.75974586987, 45.4271163417656], [-113.775869869415, 45.4078383385258], [-113.733487857625, 45.3908173410488], [-113.738673846938, 45.3294153351059], [-113.680291825574, 45.2788923361382], [-113.691920826676, 45.272362334455], [-113.685036821714, 45.2535113334233], [-113.59214579001, 45.1847853360357], [-113.590719784283, 45.1558923335718], [-113.565706778058, 45.1496083353609], [-113.569896774066, 45.1238573326458], [-113.511261760788, 45.1161353374605], [-113.522199758363, 45.0913943341963], [-113.452056738179, 45.0591803378575], [-113.443951717987, 44.9593863295369], [-113.49883072588, 44.9422093228465], [-113.455083702883, 44.8654303199182], [-113.421964691084, 44.8376053204514], [-113.377579681688, 44.8352453243607], [-113.341288665089, 44.7846703230773], [-113.246906652999, 44.8229793353648], [-113.131471620404, 44.7727643414096], [-113.134836617445, 44.752769339241], [-113.101630606463, 44.7294713401417], [-113.09784560014, 44.69887433764], [-113.067773590391, 44.6787923385381], [-113.050734577933, 44.6345483359691], [-113.088304579278, 44.5996693292488], [-113.037297563645, 44.5647753306602], [-113.045370561617, 44.5443293279987], [-113.006220550151, 44.5247283297424], [-113.026836549117, 44.4955183251035], [-112.983556523943, 44.4372775895617], [-112.913636509512, 44.4022883266232], [-112.889754505316, 44.4060413291553], [-112.881593498912, 44.3792623273531], [-112.84457748761, 44.3579753286931], [-112.8123144844, 44.377030333443], [-112.810068487788, 44.398766335719], [-112.839902498472, 44.4247203354725], [-112.78082249707, 44.4846663465587], [-112.717942487708, 44.5042793541627], [-112.661746473948, 44.4859963575457], [-112.541724447933, 44.4837773682666], [-112.500654435766, 44.4627723699882], [-112.472699432949, 44.4793033741183], [-112.386536410539, 44.4473143788683], [-112.358378409455, 44.4852673850856], [-112.352521417618, 44.5380273907001], [-112.319506411958, 44.5389103937901], [-112.286580409433, 44.5685653996443], [-112.229237397771, 44.5640954044336], [-112.22234539276, 44.5439494031149], [-112.183669383796, 44.5329594055676], [-112.136684373281, 44.5398664105051], [-112.106412363577, 44.5205754113824], [-112.069080359766, 44.5371574163809], [-112.032811350676, 44.5284094188213], [-112.032719352892, 44.5466484206035], [-111.977736340518, 44.5357504245309], [-111.947794337054, 44.557019429319], [-111.869331323394, 44.5666274373725], [-111.821542304203, 44.5089474360563], [-111.715660287141, 44.5433754490119], [-111.703176287495, 44.5601544517895], [-111.613909265744, 44.5486864587342], [-111.585699263285, 44.5626344626586], [-111.512903243284, 44.5360474666079], [-111.468014234348, 44.5389574709458], [-111.469367237937, 44.5576804726774], [-111.508278246011, 44.5626684696573], [-111.50135224629, 44.5724964712542], [-111.52569025809, 44.6045594722189], [-111.502511257104, 44.6265144764813], [-111.516322264118, 44.6440034769542], [-111.490126257329, 44.6424774791764], [-111.47249525883, 44.6661964831112], [-111.488796269297, 44.7056494855172], [-111.438810261412, 44.7205514915198], [-111.414285254484, 44.7107454927788], [-111.384836255158, 44.7549604998077], [-111.352989243284, 44.7261844998605], [-111.324390237834, 44.7295545027865], [-111.266816214603, 44.6675185018588], [-111.278489214192, 44.6512714991919], [-111.252609208708, 44.651256501529], [-111.219331196569, 44.622527501678], [-111.240901199725, 44.6145314989362], [-111.227643190235, 44.5766934963642], [-111.181042178045, 44.5692374998174], [-111.178652175588, 44.5524834983594], [-111.131394163041, 44.5324355006035], [-111.130671156222, 44.5001374974326], [-111.097085947702, 44.4864693730746], [-111.098029545772, 44.1328522732495], [-110.77386887560087, 44.130386341176695], [-110.769922996038, 44.1325180922247], [-110.001125350851, 44.1326714898103], [-109.999912703082, 44.323981189969], [-109.963276345029, 44.3234051731362], [-109.957554288234, 44.2908810602366], [-109.883877208743, 44.2704533645707], [-109.780681986489, 44.2127369975434], [-109.751545700118, 44.153377568816], [-109.766453144179, 44.0987652767287], [-109.722706178874, 44.064288036879], [-109.724384635787, 44.0436505245383], [-109.749378537421, 44.0208653299411], [-109.788830145915, 44.0203350864546], [-109.858752074701, 43.9579442927475], [-109.873624789312, 43.9301855495052], [-109.851874783999, 43.9266005510106], [-109.859286781321, 43.9007655476173], [-109.81759576938, 43.8832835493646], [-109.831919770587, 43.8717925468987], [-109.813796764998, 43.8617675473965], [-109.855177771743, 43.8482615423754], [-109.857403128889, 43.8280438000246], [-109.887707085101, 43.8258923071754], [-109.881267870375, 43.8056858555748], [-109.923420289773, 43.807329992108], [-109.962467145212, 43.7890691267862], [-110.028477071013, 43.7984074020736], [-110.043682507167, 43.7551143461516], [-110.080868124873, 43.7531994127351], [-110.08134878247, 43.7379482510708], [-110.045933110822, 43.713511301524], [-110.040912863783, 43.6771265980739], [-110.024052000192, 43.6774090095562], [-110.065372806012, 43.6585033639787], [-110.057613709466, 43.6286304614543], [-110.028835621596, 43.6183956328332], [-110.063434935964, 43.5994251378298], [-110.062244743475, 43.5856884164615], [-109.954029383429, 43.5442836912975], [-109.939190337156, 43.5252987505243], [-109.956547077846, 43.4939906456674], [-109.945209789325, 43.4686916439082], [-109.898281372757, 43.4908054503025], [-109.80026651748, 43.4653919459174], [-109.767315106497, 43.4413974261223], [-109.765384910534, 43.4067714825255], [-109.787838225017, 43.4044254503613], [-109.786396262484, 43.3905323189743], [-109.758152173468, 43.3660686537124], [-109.694136658494, 43.3653625040679], [-109.700444655026, 43.3349965002196], [-109.672115644719, 43.3087454997505], [-109.692727642256, 43.2650364932253], [-109.673824635466, 43.2479774929539], [-109.676111630798, 43.2152664891744], [-109.651462617872, 43.1670424859548], [-109.630089612664, 43.1633544873476], [-109.621567605044, 43.1265304840089], [-109.570383589751, 43.0996584853404], [-109.553014581718, 43.0723084837728], [-109.570763581988, 43.0493424797453], [-109.548717575246, 43.0367184801926], [-109.55259057233, 43.0125444771898], [-109.502418561138, 43.0105174811573], [-109.397768527392, 42.9392044819435], [-109.370352522416, 42.9455804849367], [-109.319438498072, 42.8591994794962], [-109.278904487236, 42.8460154813743], [-109.247981474419, 42.8061624794499], [-109.213641465877, 42.7991844815012], [-109.23656646625, 42.7688284761854], [-109.195268457212, 42.7685434795607], [-109.132326438779, 42.7374914812367], [-109.147919440676, 42.7275684788294], [-109.11376569186, 42.6522777430969], [-109.093799565919, 42.6417377335366], [-109.052249869261, 42.6577480287651], [-109.013774824598, 42.6160877171709], [-108.991764009651, 42.6151645588668], [-108.97133248855, 42.5708492154735], [-108.88080206558, 42.5496242504282], [-108.885127933254, 42.5276592175546], [-108.914386669686, 42.5278652051948], [-108.966685117761, 42.4918583188052], [-109.012057425592, 42.4913574730532], [-109.012049209922, 42.5204559263855], [-109.050898349504, 42.5278666440641], [-109.05100490494, 42.5641103481951], [-109.188070154785, 42.5639899569726], [-109.188169276989, 42.5785550786204], [-109.246908459738, 42.5783856637896], [-109.246582194075, 42.6077422671462], [-109.363170059167, 42.6062691574096], [-109.363902132536, 42.6937652672223], [-109.421436894755, 42.6920579322873], [-109.421424896948, 42.7065408439172], [-109.480385951878, 42.7207471806454], [-109.480453260662, 42.7783495170965], [-109.507452246508, 42.77833960486], [-109.507197552007, 42.8146908789461], [-109.526759296229, 42.814602667314], [-109.52668677954, 42.8363237597453], [-109.683575943349, 42.8356521366361], [-109.683321161257, 42.8874279024056], [-109.752526637298, 42.8946291274347], [-109.762423426288, 42.9389989015149], [-109.791437322552, 42.9390592590971], [-109.811533260137, 42.8954414926017], [-109.841289666563, 42.8955743001325], [-109.831162467949, 42.9831536306344], [-109.909904426008, 42.9903085248225], [-109.899818617188, 43.0118161280298], [-109.880059582951, 43.0119106196979], [-109.891162043284, 43.0628140343505], [-109.979174332126, 43.0622650468886], [-109.989862129416, 43.2210638932967], [-110.019871925886, 43.2211759907681], [-110.020072373608, 43.2065083091579], [-110.049661709981, 43.2066063666639], [-110.0598854686, 43.1839845933424], [-110.128316393276, 43.1839559775479], [-110.128391468699, 43.1548709343874], [-110.167968067188, 43.1549362410468], [-110.167892734893, 43.1404906094872], [-110.197362301153, 43.1401834169615], [-110.19752267893, 43.1258682353968], [-110.332571767746, 43.1256210039445], [-110.33281145429, 43.0397682846414], [-110.391295756784, 43.0399729597264], [-110.391455535509, 42.9677347418942], [-110.352392060419, 42.9242744904644], [-110.391382458727, 42.9243363971937], [-110.391394496455, 42.9097160656054], [-110.430930602605, 42.8952045207082], [-110.430899105851, 42.8517286559893], [-110.450661550049, 42.8517295943316], [-110.450549495541, 42.8227646211933], [-110.479973311786, 42.8227658287271], [-110.474637993528, 42.4485671282545], [-110.426914823409, 42.4484566621844], [-110.427037891019, 42.3657532030467], [-110.542623328282, 42.364595528399], [-110.541553425205, 42.19101207931], [-110.600994437624, 42.1902870743631], [-110.600414435217, 42.174845072702], [-110.561390426976, 42.1747160758811], [-110.56164942059, 42.1310910710227], [-110.618603432616, 42.1313160663947], [-110.61850343709, 42.1617610697738], [-110.639538441454, 42.1613340680053], [-110.63895843905, 42.1458950663447], [-110.716327456278, 42.1456590599884], [-110.716945458758, 42.1615510616919], [-110.813534478987, 42.1612990537492], [-110.813343482788, 42.1872090566145], [-110.835018487328, 42.1871910548334], [-110.837543526796, 42.4471120830542], [-111.04518088444237, 42.446904533364574], [-111.04672573718, 42.0017082421221], [-111.046826595071, 40.9978811299722], [-110.585590436971, 40.9962950558417], [-110.589189813847, 41.0266213090494], [-110.57240682085, 41.030371160791], [-110.577415280264, 40.99630365048], [-110.546065448716, 40.996338803928], [-110.545974451055, 41.0724118076902], [-110.469585932616, 41.0544799615948], [-110.460152052624, 41.0690388240094], [-110.369370782617, 41.0619779802815], [-110.297663860565, 41.0841313384384], [-110.297658688579, 41.0695567167519], [-110.264199021541, 41.0695712993624], [-110.278478241398, 40.9948241895802], [-110.000728376173, 40.9974562114449], [-110.00072837617, 40.997456193444904], [-109.660770982132, 40.9984134288602], [-109.670846110295, 41.0133939998506], [-109.58952440094, 41.0132602221175], [-109.599126408871, 41.0494832226576], [-109.619780357267, 41.0568164089255], [-109.599080582808, 41.0713052292382], [-109.599079940728, 41.1002739076565], [-109.579919962631, 41.1002250861357], [-109.579956335595, 41.1220348717057], [-109.596279823077, 41.1220101254364], [-109.612617241459, 41.1727198061385], [-109.599186541562, 41.1871837788845], [-109.618418491674, 41.1872219423926], [-109.637434178639, 41.2596680794149], [-109.582536294901, 41.259599045691], [-109.560920383245, 41.2885264147737], [-109.59933876146, 41.3030795294787], [-109.58014565384, 41.3284035579468], [-109.618521008548, 41.3465648150685], [-109.61371510702, 41.3719172054092], [-109.646997052265, 41.3728672129101], [-109.637101171216, 41.4166788057998], [-109.6034309575, 41.4057399791675], [-109.599265817425, 41.3754974289606], [-109.56811407425, 41.3645557001221], [-109.541718734111, 41.3174539286682], [-109.522533471005, 41.3392600297264], [-109.484849027944, 41.3320835678309], [-109.48486903494, 41.3465561555287], [-109.446359777682, 41.3610650172447], [-109.465637985817, 41.3900544791381], [-109.459149560558, 41.4127127373034], [-109.425533901829, 41.4162224543504], [-109.425491398839, 41.4596679844471], [-109.406426793745, 41.4596773039452], [-109.42548515886, 41.4886196998378], [-109.382507140601, 41.4812591973535], [-109.382464647084, 41.4631923432386], [-109.387251632608, 41.4379124028971], [-109.406293837703, 41.4307173595595], [-109.396698429638, 41.4017670159129], [-109.427043586152, 41.4017499965339], [-109.42707887954, 41.3900305921553], [-109.40780877041, 41.39008012267], [-109.408012328453, 41.3755809429504], [-109.422409933541, 41.375556963821], [-109.407990287454, 41.3465831655425], [-109.451210148731, 41.3393425393132], [-109.446398027634, 41.3170500960681], [-109.503757305999, 41.2884404942263], [-109.503755967014, 41.2739703825251], [-109.522498842036, 41.2740364390708], [-109.522588360098, 41.245133129665], [-109.541744460191, 41.2450938351676], [-109.541799492221, 41.2305971064583], [-109.513343465123, 41.2305286406663], [-109.503721563106, 41.2015321439991], [-109.503482358407, 41.0566445718999], [-109.522619889496, 41.0566335444192], [-109.522663305598, 41.0276435839832], [-109.503346673502, 41.0278852225032], [-109.503320669625, 40.9990976770916], [-109.050037173502, 41.0006972851495], [-109.051236983496, 39.4977451003236], [-109.05156774392, 39.1107555893684], [-109.075177656373, 39.1143671341614], [-109.071993920274, 39.0763053745466], [-109.089159513215, 39.0701296685517], [-109.073712738419, 39.0312079836847], [-109.052355414766, 39.0303219430731], [-109.059821742351, 38.5902548681125], [-109.034290084984, 38.5908061059407], [-109.03415400171, 38.5617202121924], [-109.059987877196, 38.56166568041], [-109.06000287556, 38.5469559845086], [-109.034380587463, 38.5321223983498], [-109.006706216139, 38.4740810027288], [-108.942241482428, 38.4741454671451], [-108.942350970849, 38.4596544952552], [-108.924178606986, 38.4597201065049], [-108.924178454477, 38.4369851635486], [-108.998876141393, 38.4371595784736], [-108.998906614015, 38.3791810809383], [-109.060168297064, 38.379478091805], [-109.042582829086, 38.157021929017], [-109.045648237247, 37.3599880264772], [-109.222584454042, 37.3744687269507], [-109.204704158232, 37.4034709019661], [-109.186580296414, 37.403489488145], [-109.191231062358, 37.4325093327], [-109.240845302808, 37.4324945304719], [-109.240851440294, 37.4470080383969], [-109.27721629995, 37.4470213110312], [-109.277232044438, 37.4615066079492], [-109.304462517168, 37.4615167991759], [-109.304447087679, 37.4470250562584], [-109.349185115086, 37.4470595023486], [-109.349181884573, 37.4615588152662], [-109.367379373394, 37.4615406770771], [-109.367374781905, 37.4470366241603], [-109.403741075537, 37.4470025627854], [-109.421963256427, 37.3890253169375], [-109.437398911665, 37.3890355719354], [-109.453361595056, 37.360068722069], [-109.394699849753, 37.3600468408737], [-109.39481803172, 37.3201413625789], [-109.353960646258, 37.331107655679], [-109.331287593023, 37.3165921942201], [-109.331276164164, 37.2686093098447], [-109.475957117188, 37.2852521707052], [-109.599471718984, 37.2651734980601], [-109.621102040026, 37.2407218784322], [-109.71242101832, 37.2135132379421], [-109.726392393979, 37.1911981150974], [-109.747634472846, 37.2154186299185], [-109.7682859187, 37.1812912830886], [-109.800797965448, 37.1910688512783], [-109.83304666501, 37.1797520607073], [-109.851953481457, 37.1948183224677], [-109.829496338933, 37.1664579511869], [-109.836718612007, 37.1423476045471], [-109.898461370949, 37.1535264450383], [-109.8887963619, 37.1828637305169], [-109.94287588645, 37.1564097515519], [-109.931898251972, 37.1742464286017], [-109.950474447103, 37.1671135414661], [-109.964318346616, 37.1834060437086], [-109.945049337777, 37.2442299919253], [-109.963389824607, 37.1951220893044], [-109.983886459057, 37.1971389382428], [-109.985323182131, 37.2147009924495], [-110.004412907729, 37.2012995654593], [-110.014574630636, 37.2289846144231], [-110.032663640215, 37.2174902537479], [-110.048322197441, 37.2469185285776], [-110.0723103557, 37.2399948101168], [-110.114497549577, 37.2906707919809], [-110.153422749027, 37.3044739342413], [-110.15128208721, 37.3203700174472], [-110.195787463359, 37.3200025984961], [-110.232906616287, 37.2933092286109], [-110.283986712969, 37.2850616532117], [-110.311992680854, 37.3057927520705], [-110.348388026179, 37.2846404909582], [-110.406324979635, 37.2900059108718], [-110.421572456507, 37.2384745502175], [-110.459191061695, 37.2626857448946], [-110.496380376714, 37.2567315707011], [-110.522507585798, 37.2246644218619], [-110.515605080124, 37.2122849437137], [-110.55712837608, 37.2167381505855], [-110.559161935793, 37.1803086697545], [-110.575586462904, 37.1975359469087], [-110.564595837814, 37.2089371470937], [-110.60257158468, 37.2000701064794], [-110.656479134388, 37.2558913721452], [-110.701519254651, 37.2663164835404], [-110.705604937834, 37.2501758692033], [-110.659222241062, 37.2374205755934], [-110.670699918556, 37.2192829915143], [-110.65139897368, 37.2199218378544], [-110.646209197514, 37.199246214533], [-110.678039469629, 37.1659329441759], [-110.70145799416, 37.1733497926071], [-110.689136442827, 37.1455590288329], [-110.723614603312, 37.1894126312294], [-110.739380281348, 37.1679834554508], [-110.76802444936, 37.169701595808], [-110.765494645594, 37.1573877793917], [-110.782659448733, 37.1735648623512], [-110.812783889502, 37.1502853584052], [-110.837264356297, 37.177983736362], [-110.854746787462, 37.1643094374723], [-110.864328758066, 37.1805891019323], [-110.87223701686, 37.1529221358757], [-110.866453275991, 37.1952507566697], [-110.884973607448, 37.1725905975637], [-110.921272127809, 37.1724715391833], [-110.906749925118, 37.165177551197], [-110.922047021746, 37.1703086518564], [-110.941559980067, 37.1443342252657], [-110.924708950745, 37.1354547302266], [-110.94434202404, 37.1385078753399], [-110.932694512331, 37.1055074488755], [-110.974438456563, 37.12292131239], [-110.976019085815, 37.0926224394139], [-110.960270265791, 37.0745174881191], [-110.976725300921, 37.092255247321], [-110.983888517418, 37.0828139606486], [-110.975987574795, 37.1122397489241], [-111.014234647562, 37.1123945684578], [-111.00908967043, 37.0818772188934], [-111.023124981076, 37.1095649425185], [-111.058582541141, 37.0985710928108], [-111.058659655984, 37.0672125458033], [-111.073916696356, 37.079927729436], [-111.06813077103, 37.0981445731358], [-111.118242134284, 37.099328883029], [-111.094286715656, 37.0718229390796], [-111.108384660216, 37.0689511047981], [-111.101932227479, 37.0547660104076], [-111.117479246853, 37.0867321804739], [-111.149146589377, 37.087967600573], [-111.150119538282, 37.0653224366263], [-111.165244829442, 37.0960072825493], [-111.19898440255, 37.0693272569624], [-111.186752740099, 37.0694981357787], [-111.186442774282, 37.0422392803294], [-111.207882783295, 37.0391500415454], [-111.146865226528, 37.0148100273984], [-111.131552512028, 36.990865406333], [-111.185095109462, 37.0268921784622], [-111.194767975071, 37.0135759721391], [-111.219168778514, 37.0385933777425], [-111.230514966327, 37.0140572968847], [-111.250056065524, 37.0166273989454], [-111.207157183675, 36.9848035146708], [-111.210861729733, 36.967982790287], [-111.228339552681, 36.9921204372327], [-111.239704740169, 36.984147307482], [-111.238665162299, 36.9974614512445], [-111.270086838379, 37.0049166341581], [-111.276426598478, 37.0329119493054], [-111.293503463866, 37.0225044288756], [-111.286500461264, 37.0106789068271], [-111.303025211638, 37.011158448817], [-111.282830067766, 36.9832681455798], [-111.32443005301, 37.0118140045126], [-111.406350100134, 36.9985337965169], [-111.324141417986, 36.9524909099941], [-111.305461308627, 36.9165320286242], [-111.27420668493, 36.9124435671183], [-111.278995739529, 36.8987843960684], [-111.215913274993, 36.8603197792147], [-111.183811663365, 36.858728586073], [-111.212909326217, 36.8586034041882], [-111.21326321104193, 36.85759338394951], [-111.284759242574, 36.8976348905506], [-111.28077896615, 36.9114208425644], [-111.3144297931, 36.9132295976253], [-111.331517170884, 36.9267004012375], [-111.318643560355, 36.9372803394146], [-111.326561656203, 36.9498024754959], [-111.375795455176, 36.9804411652027], [-111.397927853798, 36.9523589842073], [-111.439980333449, 36.9644274210167], [-111.42093435487, 36.9269783444996], [-111.470692698115, 36.9396164938863], [-111.496795158988, 36.8961319976902], [-111.510341285701, 36.8961317698161], [-111.505873656633, 36.8743868493483], [-111.566394894686, 36.8738229203751], [-111.546442820597, 36.8427618387263], [-111.569735125212, 36.8423345791728], [-111.581431197772, 36.8646116492399], [-111.601330759133, 36.8584424261768], [-111.652966680008, 36.8038869449517], [-111.65096505527, 36.7803352320997], [-111.680391258218, 36.7811429003126], [-111.659804029347, 36.7734178826567], [-111.668024987322, 36.7566286300037], [-111.710919167102, 36.7387551069918], [-111.741141667749, 36.7451065888577], [-111.72722031216, 36.7368421817052], [-111.74307768749, 36.728482823632], [-111.697461359755, 36.7320161520011], [-111.717273771798, 36.7228757635753], [-111.717572167437, 36.6983573774521], [-111.794612984076, 36.6507367245026], [-111.745884499235, 36.6695394429933], [-111.781977802377, 36.6182549521954], [-111.823822537059, 36.6118100917143], [-111.79099158731, 36.6094952145117], [-111.769820112621, 36.6250026478248], [-111.77429948011, 36.6004805334315], [-111.826667083211, 36.5666880578191], [-111.86211357176, 36.5103874414344], [-111.927199906817, 36.460484451991], [-111.89300216408, 36.5021068694285], [-111.99354179495, 36.5120330943124], [-112.018555429387, 36.7005025174515], [-112.054583575383, 36.7295104907783], [-112.081641879846, 36.7910286337374], [-112.063674717551, 36.903468918938], [-112.252109583737, 36.9034162366986], [-112.252110881812, 36.8743411920913], [-112.270138215362, 36.8743561119238], [-112.288142142361, 36.8090796526549], [-112.306187954461, 36.7945828396881], [-112.306169000841, 36.7583219751836], [-112.333179366152, 36.7583490634452], [-112.333148243982, 36.736603490745], [-112.35991286923, 36.7365197490105], [-112.360008716974, 36.71362679616], [-112.477631039925, 36.7125312984523], [-112.505295296986, 36.7290954177199], [-112.563522227305, 36.7183746636406], [-112.595107258953, 36.6728391259806], [-112.641085741424, 36.6475989409067], [-112.629069751086, 36.6071538976795], [-112.671795804963, 36.5415787308329], [-112.648347337374, 36.5005289442446], [-112.665735051944, 36.4819252808308], [-112.64761159967, 36.4947879735798], [-112.645662460861, 36.4801591438895], [-112.630609222986, 36.4807530849213], [-112.708487744675, 36.4553608038181], [-112.708452706439, 36.4118785964293], [-113.026056903986, 36.4118027202478], [-113.039510760777, 36.3829368368447], [-113.021569284315, 36.382954824986], [-113.021560288912, 36.3685207042106], [-113.039492772968, 36.3540146362884], [-113.04841404408, 36.2959813765783], [-113.093020427681, 36.2959813747595], [-113.093029421484, 36.3249935083274], [-113.169381877088, 36.3239682763664], [-113.178878716156, 36.2746764257156], [-113.16795194644, 36.2266796055057], [-113.146700961043, 36.2234600304478], [-113.142621936328, 36.1824127236483], [-113.177522285771, 36.1795988721094], [-113.181805841136, 36.1643260239596], [-113.192001232118, 36.1750282416373], [-113.223748148329, 36.1132691500416], [-113.241881558366, 36.1191177756264], [-113.231413956013, 36.10497480554], [-113.262869134783, 36.1021863822285], [-113.273365037916, 36.1244731283131], [-113.30150508924, 36.1342337917487], [-113.291972454203, 36.111017182493], [-113.328958691548, 36.1137365545106], [-113.350323647883, 36.1582441976306], [-113.404898593501, 36.191435143261], [-113.368501186289, 36.1574734793941], [-113.389321646759, 36.1625667587094], [-113.369637264787, 36.149949630401], [-113.383055268837, 36.1340439586098], [-113.366380554776, 36.1458791811067], [-113.353449289492, 36.126915298593], [-113.381586315761, 36.0941833678149], [-113.34816473992, 36.1105188399123], [-113.337980348644, 36.0965725968377], [-113.403340616558, 36.0798321546932], [-113.409227236209, 36.0537463511253], [-113.42753662566, 36.0637984802141], [-113.44118903217, 36.0416490906453], [-113.422941778586, 35.9876629031557], [-113.433286180346, 35.974746733925], [-113.456352784143, 35.9895451513074], [-113.438517348958, 35.928052146859], [-113.450182823683, 35.9333679137892], [-113.44987517664, 35.9121846482028], [-113.422420110035, 35.9189838697409], [-113.423044624921, 35.9058024760792], [-113.408218234076, 35.9056614849798], [-113.414406633573, 35.9303852626413], [-113.397425492342, 35.9411882690246], [-113.3775264362, 35.916228975183], [-113.401693133286, 35.9105446549856], [-113.425750627196, 35.8603847563151], [-113.410556213539, 35.8415232329262], [-113.436591292518, 35.8308688270061], [-113.452163379821, 35.8451798368102], [-113.453726598047, 35.8336567372933], [-113.472166738854, 35.8367826245412], [-113.466509487511, 35.8554206151862], [-113.448463339943, 35.8540751021348], [-113.462608007604, 35.8751174798528], [-113.441961353124, 35.8693236214154], [-113.43503075666, 35.8999331876142], [-113.475710647364, 35.89931956002], [-113.470096305203, 35.9197199848762], [-113.484784640539, 35.9360779799751], [-113.490122200859, 35.9179743464201], [-113.522311845677, 35.9146025360102], [-113.513877503945, 35.9452378132932], [-113.53303545228, 35.941893086693], [-113.529689705243, 35.9589210279886], [-113.551171230585, 35.9403111333726], [-113.541091857787, 35.9628756507642], [-113.496028856172, 35.9731980828326], [-113.497354736237, 35.9499431398969], [-113.482661253359, 35.9597730280165], [-113.489258448764, 35.9931816257047], [-113.473335710264, 35.9988853603959], [-113.487229278012, 36.0316653925475], [-113.477206347699, 36.0696464298244], [-113.459557041479, 36.0712122521202], [-113.474765549493, 36.093434335888], [-113.50675039424, 36.0475612942744], [-113.51825475553, 36.0591340689709], [-113.523279431533, 36.0385098781343], [-113.529602162269, 36.0546633377146], [-113.541360223885, 36.0480760241743], [-113.529417529272, 36.0339527531934], [-113.538864779046, 36.0231135042777], [-113.517638768901, 36.0220532534726], [-113.537748997935, 36.0030248048891], [-113.55829592902, 36.0576660552871], [-113.540923608242, 36.0632611190574], [-113.544229314155, 36.0767748145013], [-113.550817018493, 36.0671202739098], [-113.560020847206, 36.0877474058516], [-113.576030323959, 36.0846315414683], [-113.572488669475, 36.0971501212172], [-113.603902862629, 36.0989834974705], [-113.577296121902, 36.0709766367231], [-113.617305393921, 36.0857634160195], [-113.59834491647, 36.0768918081264], [-113.619903286154, 36.0725083242416], [-113.591886623498, 36.0585393352922], [-113.624134997073, 36.0420984392697], [-113.616614884182, 36.0266805908588], [-113.597128088501, 36.0375088923979], [-113.608681795459, 36.0138466417876], [-113.594181269311, 36.0202969974804], [-113.644952935642, 35.9745280657254], [-113.62163285789, 36.0135122399385], [-113.636337000348, 36.052175156735], [-113.647098269776, 36.0456603902678], [-113.637793685151, 36.1207490339925], [-113.689789259376, 36.0718898757879], [-113.669767628269, 36.1211758450354], [-113.695338606886, 36.1081855768509], [-113.690234864255, 36.1326808691461], [-113.716397864386, 36.123931275439], [-113.704595380436, 36.1164926852781], [-113.716252229354, 36.1134044241707], [-113.70567618634, 36.1028568525545], [-113.71939907442, 36.1078420242979], [-113.715931987137, 36.0907898834453], [-113.732229520049, 36.0993991084675], [-113.730573454298, 36.1471710653653], [-113.761352083446, 36.1399577865535], [-113.766853919596, 36.1619586478704], [-113.790844934024, 36.1711438884685], [-113.837798050743, 36.1589167150297], [-113.935047376077, 36.1583881668311]]]}}, {"type": "Feature", "properties": {"GACCAbbreviation": "NRCC", "DispUnitIDs": ["USIDCDC", "USIDGVC", "USMTBDC", "USMTBRC", "USMTDDC", "USMTFBAC", "USMTHDC", "USMTKDC", "USMTKIC", "USMTLEC", "USMTMCC", "USMTMDC", "USMTRBAC"]}, "geometry": {"type": "Polygon", "coordinates": [[[-111.489110268267, 44.7051094854356], [-111.472805257779, 44.6655374830182], [-111.490126257329, 44.6424774791764], [-111.516322263118, 44.6440034769542], [-111.502511257104, 44.6265144764813], [-111.52569025809, 44.6045594722189], [-111.50135224729, 44.5724964712542], [-111.508278247011, 44.5626684696573], [-111.469367237937, 44.5576804726774], [-111.463813233849, 44.5411414715411], [-111.511991243062, 44.5358734666729], [-111.586110263378, 44.5626714626251], [-111.613909266744, 44.5486864587342], [-111.703176287495, 44.5601544517895], [-111.715660287141, 44.5433754490119], [-111.821542303203, 44.5089474360563], [-111.869331323394, 44.5666274373725], [-111.947794338054, 44.557019429319], [-111.977736340518, 44.5357504245309], [-112.032719353892, 44.5466484206035], [-112.032811350676, 44.5284094188213], [-112.069080359766, 44.5371574163809], [-112.106412364577, 44.5205754113824], [-112.136684374281, 44.5398664105051], [-112.183669382796, 44.5329594055676], [-112.22234539276, 44.5439494031149], [-112.229237397771, 44.5640954044336], [-112.286580410433, 44.5685653996443], [-112.319506411958, 44.5389103937901], [-112.352521418618, 44.5380273907001], [-112.358378410455, 44.4852673850856], [-112.386536409539, 44.4473143788683], [-112.472699432949, 44.4793033741183], [-112.500654435766, 44.4627723699882], [-112.541724447933, 44.4837773682666], [-112.661746472948, 44.4859963575457], [-112.717942487708, 44.5042793541627], [-112.78082249707, 44.4846663465587], [-112.839902498472, 44.4247203354725], [-112.810068487788, 44.398766335719], [-112.812220484402, 44.3771483334628], [-112.854279489872, 44.3595943279653], [-112.889569505261, 44.405944329163], [-112.94542851817, 44.4146383248969], [-113.004518536971, 44.4528333231176], [-113.026836549117, 44.4955183251035], [-113.006542550405, 44.5257823298122], [-113.045370561617, 44.5443293279987], [-113.037297563645, 44.5647753306602], [-113.088304580278, 44.5996693292488], [-113.050734578933, 44.6345483359691], [-113.067773590391, 44.6787923385381], [-113.09784560014, 44.69887433764], [-113.101630606463, 44.7294713401417], [-113.134836617445, 44.752769339241], [-113.131471620404, 44.7727643414096], [-113.246906652999, 44.8229793353648], [-113.341288665089, 44.7846703230773], [-113.377579681688, 44.8352453243607], [-113.421964691084, 44.8376053204514], [-113.455083702883, 44.8654303199182], [-113.49883072588, 44.9422093228465], [-113.443951717987, 44.9593863295369], [-113.452056738179, 45.0591803378575], [-113.522199758363, 45.0913943341963], [-113.511261760788, 45.1161353374605], [-113.569896774066, 45.1238573326458], [-113.565706778058, 45.1496083353609], [-113.590719784283, 45.1558923335718], [-113.591950789928, 45.1845553360334], [-113.685036821714, 45.2535113334233], [-113.691920826676, 45.272362334455], [-113.680291825574, 45.2788923361382], [-113.737757846458, 45.3278693350554], [-113.732867857198, 45.3892363409676], [-113.775869869415, 45.4078383385258], [-113.75974586987, 45.4271163417656], [-113.784276880145, 45.4548923418832], [-113.759926880156, 45.4804063464565], [-113.766034889148, 45.5206273494198], [-113.834790902991, 45.5206633428546], [-113.821481909086, 45.5659543481041], [-113.796758907141, 45.5815793518415], [-113.806443912988, 45.6016363526733], [-113.861601928407, 45.6238263493283], [-113.904936936827, 45.6223333450404], [-113.895290939085, 45.6438533478438], [-113.938107957837, 45.695746348246], [-113.92620274713376, 45.69884364286448], [-114.0154949734, 45.6959073408108], [-114.028322971922, 45.6752433377851], [-114.015282964911, 45.6527723370903], [-114.066750970413, 45.6281723300078], [-114.086114967128, 45.5914703249629], [-114.193620977873, 45.536378309866], [-114.248462990633, 45.545819305419], [-114.269904983008, 45.4845582980618], [-114.330059990153, 45.4597282901479], [-114.367214003751, 45.4918602893603], [-114.425720019013, 45.5107252853673], [-114.430587023632, 45.5295162865147], [-114.463925033258, 45.5450352846402], [-114.456090035062, 45.5622462868697], [-114.498093042055, 45.555467282245], [-114.527573050885, 45.5708302807193], [-114.626573061202, 45.5235242671437], [-114.663738058307, 45.4710112590863], [-114.690539067426, 45.490782258194], [-114.734163075834, 45.4899032539194], [-114.788259090863, 45.5124952506262], [-114.795064078137, 45.4402212438328], [-114.769140071952, 45.4345632458441], [-114.734923057654, 45.3954212457931], [-114.792429907835, 45.3897091697851], [-114.872773599037, 45.4179121044632], [-115.024606696148, 45.5074782873928], [-115.215695945515, 45.5695005440836], [-115.25389389703, 45.53944891788], [-115.314054895622, 45.5237865907474], [-115.354672343976, 45.4752329027799], [-115.427745694669, 45.4576952242507], [-115.509190044367, 45.3756178995685], [-115.613207118526, 45.3969888712796], [-115.667445526238, 45.4343924891072], [-115.753989124832, 45.444675531557], [-115.801416378482, 45.4680262388608], [-115.929206401276, 45.4598921957763], [-116.110628774314, 45.4015751434098], [-116.143137815567, 45.4275486423452], [-116.209942632619, 45.3990626435488], [-116.291521266535, 45.4220520104535], [-116.326294348251, 45.4126791333143], [-116.358025284983, 45.370649501857], [-116.34755658214, 45.3304043056462], [-116.362702286349, 45.3066265402647], [-116.342930342084, 45.2678790800661], [-116.536230739066, 45.271533121599], [-116.540948563591, 45.2902140626322], [-116.49621877224, 45.3261925798541], [-116.50874784896, 45.3485349104169], [-116.481669611878, 45.3893094563046], [-116.474091350803, 45.4419153112307], [-116.441653910289, 45.4702059766489], [-116.450785878036, 45.5007196081802], [-116.423163805323, 45.5132571418784], [-116.408642930877, 45.5550646666187], [-116.378549110024, 45.5793066914914], [-116.390575167892, 45.6074542325433], [-116.380882882991, 45.642181486244], [-116.427883561987, 45.6928487256219], [-116.416727394117, 45.7139478283824], [-116.537382430593, 45.7127912763997], [-116.546656476019, 45.7509780984734], [-116.593017490288, 45.7785470960445], [-116.661183503432, 45.7803190894402], [-116.711835522223, 45.8262730879869], [-116.782152535141, 45.825122080925], [-116.796472545154, 45.8612300822861], [-116.865042568821, 45.9145040795569], [-116.94280661345, 46.0611210829621], [-116.981965625656, 46.0848530808358], [-116.955437624235, 46.1018670847813], [-116.922354631956, 46.1687800931567], [-116.965397647149, 46.203128091418], [-116.95549365112, 46.2309900945099], [-116.991208667414, 46.2769660943598], [-116.986229670472, 46.2959560962839], [-117.062801696892, 46.3536110928472], [-117.034639705227, 46.4178511004737], [-117.039765860305, 47.1272751517437], [-117.037254365106, 48.2723188069], [-117.081079708276, 48.3337416413405], [-117.128778346771, 48.3313916860481], [-117.152598887292, 48.3561405751455], [-117.133685401585, 48.3886092893624], [-117.141387651594, 48.4646919936217], [-117.117376798728, 48.5125016694084], [-117.156137254432, 48.546429507469], [-117.138507841351, 48.6286856048364], [-117.184315092366, 48.6783198231347], [-117.166014763559, 48.6971664763679], [-117.190630636721, 48.7312321759275], [-117.145287116628, 48.7655309331235], [-117.158998043085, 48.7809173026381], [-117.05990370083, 48.8873792104426], [-117.053730360161, 48.9291314538518], [-117.032355930437, 48.9464687773262], [-117.032430425787, 48.9992070077632], [-115.972164088784, 49.000928536606], [-115.839795071607, 49.0009824109791], [-114.726936717663, 49.0005145410406], [-114.72815270244888, 48.99770531392703], [-113.611717691274, 48.9979598748881], [-110.743076993776, 48.9986129497975], [-109.418657692916, 49.0004360851683], [-104.048700385738, 48.9996006106442], [-97.6223086543739, 49.0006961870167], [-97.2287315428081, 49.0005702202763], [-97.2340055339862, 48.9474422135303], [-97.1900275114523, 48.8955242110528], [-97.1994035113342, 48.8811212085505], [-97.1778235041521, 48.8756472097089], [-97.1905825055845, 48.8642872072846], [-97.173893495788, 48.8380012055479], [-97.1902834960454, 48.8151432014453], [-97.158127485998, 48.8103272035626], [-97.1816494904068, 48.7985252001827], [-97.1632704855888, 48.8005872019676], [-97.174050487362, 48.7938872002643], [-97.147478477441, 48.7814492009993], [-97.153804473984, 48.7540011971836], [-97.1101214528173, 48.7079861953109], [-97.1199134543125, 48.7012561936859], [-97.0903784427817, 48.6846631941538], [-97.1092384442525, 48.6642581901278], [-97.0987004406477, 48.661003190614], [-97.115701442348, 48.6445691872199], [-97.1094594382874, 48.6324771862834], [-97.1311494442429, 48.6314811843575], [-97.1195044384986, 48.6185681837715], [-97.1506584460167, 48.6116841803487], [-97.1343004405762, 48.6074081811951], [-97.1540364438937, 48.595414178107], [-97.1439004385117, 48.5821201773474], [-97.1606404430265, 48.5809441758129], [-97.1491794377204, 48.5700221754489], [-97.1754324436256, 48.5619651722932], [-97.1389604320185, 48.5551281745006], [-97.1659934384982, 48.5489401715063], [-97.1413674289924, 48.5354601719249], [-97.1524324292807, 48.5203721691821], [-97.1267674219835, 48.5201651712883], [-97.1502764270222, 48.5116081683016], [-97.1315094174702, 48.4890141671253], [-97.1626774241729, 48.4777911631806], [-97.1281724137789, 48.4743701656285], [-97.1474274189195, 48.4727611638368], [-97.1285534112506, 48.4603091638931], [-97.1506424138427, 48.4408241596999], [-97.1248334067528, 48.4419041619695], [-97.1458824106887, 48.4311561589219], [-97.1225924016366, 48.4179291592454], [-97.1540034105462, 48.4181291566685], [-97.1311844020763, 48.4072891572421], [-97.1633854084756, 48.3928651528246], [-97.1333503980076, 48.3822041540149], [-97.1562704013804, 48.3655861500986], [-97.1259293881653, 48.3405871495651], [-97.1417243898629, 48.3257371464517], [-97.1155903821542, 48.3239361483907], [-97.1377583857736, 48.3097371448298], [-97.1122403761165, 48.2964801453193], [-97.1373433823238, 48.2917651426728], [-97.1165793742271, 48.2796691429099], [-97.1450413802365, 48.2687741392324], [-97.1229633726983, 48.2616741401862], [-97.1446543736198, 48.2335701349646], [-97.1206993652432, 48.2247621358612], [-97.1521993731754, 48.2196441326405], [-97.13780318492594, 48.215506990713386], [-97.1292863646437, 48.2083851331506], [-97.1475193628203, 48.1705801270213], [-97.1209773533209, 48.1595601278536], [-97.146514357329, 48.1422281236289], [-97.1228853502238, 48.139758125268], [-97.1334773527199, 48.1371091240726], [-97.123211344251, 48.1066581211775], [-97.1018853362813, 48.095904121606], [-97.1044923327279, 48.0724361185057], [-97.072266319217, 48.0480761181467], [-97.0553502962076, 47.9475231071135], [-97.01786328068, 47.9199191067533], [-97.0231512739071, 47.8740711006355], [-97.0018372668501, 47.8681421016343], [-96.9983462611635, 47.841940098662], [-96.9741372510505, 47.8234820983333], [-96.9915872532167, 47.8081950950126], [-96.934892229965, 47.7672170945044], [-96.9184222176514, 47.7240490904448], [-96.9309822196699, 47.715555088366], [-96.8851251993855, 47.6738160868472], [-96.8797351882447, 47.6193440804462], [-96.8510301765209, 47.598552080146], [-96.8515771714171, 47.5686630763403], [-96.8689431760004, 47.5670100747343], [-96.8475081698481, 47.5662340763619], [-96.8617581726272, 47.5592870743402], [-96.8453321644152, 47.5387600730751], [-96.8711811696535, 47.5272760695486], [-96.8422891582858, 47.5086440695207], [-96.8650491616977, 47.4916590655482], [-96.852167157159, 47.4863590659136], [-96.8685281603696, 47.4784810636048], [-96.8519551558247, 47.4790630650091], [-96.8636281552486, 47.4570180612862], [-96.8528251478667, 47.4320380589935], [-96.8717721509079, 47.4190140558261], [-96.8420821413252, 47.4117460572856], [-96.8527231433254, 47.4061020557181], [-96.8374741361751, 47.3895350548401], [-96.854631138248, 47.37378805147], [-96.8371501329203, 47.3712990525534], [-96.8582151381675, 47.3675380503905], [-96.8306521254706, 47.338794048947], [-96.8457951278511, 47.3280450463711], [-96.8287731230783, 47.3280030477262], [-96.8469851260748, 47.3158420447254], [-96.8306691198208, 47.3060740447871], [-96.8476871185782, 47.2712550389983], [-96.8347141140719, 47.2661630393852], [-96.8474571169097, 47.2619410378309], [-96.8286811067311, 47.233294035678], [-96.8457971092545, 47.2201180326336], [-96.8271761008239, 47.2013240317191], [-96.8448561044403, 47.1935880293237], [-96.8215640963421, 47.1843220299946], [-96.8334930983635, 47.1766520280654], [-96.8223680917818, 47.1563490263554], [-96.8412560962932, 47.1518640242798], [-96.82073208689, 47.1303770231627], [-96.8375730901635, 47.1219880207508], [-96.8162000818926, 47.1084890207199], [-96.8303950777501, 47.0608310134837], [-96.8126680690364, 47.0386420120408], [-96.8395570711343, 47.0067360058115], [-96.8209850653777, 47.0033340068449], [-96.8226730602202, 46.9700280024265], [-96.7950540518107, 46.965846004072], [-96.8041490511568, 46.9469190009146], [-96.7915120443964, 46.9276969994345], [-96.7622010374331, 46.9349050026783], [-96.7526630328628, 46.9235510019656], [-96.7760430350898, 46.8979849968202], [-96.7692110298607, 46.8781669947981], [-96.7813400334982, 46.8796949940396], [-96.7746570249313, 46.8396549893879], [-96.7939680292109, 46.8330719870153], [-96.780145024084, 46.8254369871153], [-96.802759028088, 46.8116979835563], [-96.7871450193964, 46.7856589814109], [-96.7967650206332, 46.7770069795327], [-96.7754620129961, 46.7667589798778], [-96.7895280167911, 46.7660319786782], [-96.7778590128044, 46.7615959790195], [-96.789798015315, 46.7567089774474], [-96.7791450073556, 46.7266499743807], [-96.7912060094226, 46.7188819724247], [-96.7840750018696, 46.6852779686148], [-96.8021740040281, 46.6679049649353], [-96.7858239949596, 46.6405309626513], [-96.798203996594, 46.6295809602551], [-96.7821879924455, 46.6314199617485], [-96.7913149939203, 46.6249789601945], [-96.7708519866335, 46.6152779605305], [-96.7715879837008, 46.596220957986], [-96.7472749746099, 46.5820299580325], [-96.7575089767656, 46.5778379566854], [-96.7417589701171, 46.5640049561071], [-96.754405972454, 46.5568259541812], [-96.7387239658683, 46.5432359536273], [-96.7501249686316, 46.5407669524147], [-96.7382689650973, 46.5393019531479], [-96.7388839553634, 46.4787139451621], [-96.7116199447073, 46.4597909448007], [-96.7218619443034, 46.4398369413835], [-96.7032779387311, 46.4373029424952], [-96.7045899359592, 46.418002939856], [-96.6853639300067, 46.4142199408515], [-96.6452029085678, 46.3506769355932], [-96.5993878925078, 46.329991936407], [-96.6004108818216, 46.2617579273007], [-96.5837238752751, 46.2498149270055], [-96.5987378782421, 46.2423249248549], [-96.5837698686076, 46.2080669214645], [-96.5926908658386, 46.1752189164155], [-96.5766448611861, 46.1739519174819], [-96.5544198407433, 46.0840869072249], [-96.5778908382483, 46.0271848978313], [-96.5636808198467, 45.9352528866182], [-96.7702620230192, 45.9357792288815], [-97.5091033332717, 46.031730848486], [-97.4795440717298, 45.9351418160698], [-100.511958884445, 45.943719575399], [-100.521894894737, 45.989427580271], [-100.609813930028, 46.0621035820691], [-100.62902494729, 46.134058589378], [-100.557609946972, 46.2416016085206], [-100.581709959424, 46.2773016109189], [-100.5506089596, 46.3257006194353], [-100.550308965029, 46.357601623373], [-100.581508983513, 46.4170016280565], [-100.600209990562, 46.4293016280059], [-100.609909990954, 46.4169016256851], [-100.681868009025, 46.4122426191345], [-100.720514013511, 46.3797526119558], [-100.737829021847, 46.401626613184], [-100.810513037898, 46.384498605046], [-100.856985053322, 46.4032766034593], [-100.881872057487, 46.3898365997496], [-100.881952060941, 46.4095356021378], [-100.918960068076, 46.3949905972826], [-100.97301807018, 46.3259775843838], [-101.016711080603, 46.3203995800631], [-100.997240072797, 46.3046685797726], [-101.024786075365, 46.2780785742414], [-101.096235093055, 46.2728245676484], [-101.091349089226, 46.2580625662603], [-101.116838093254, 46.2430435623093], [-101.101609086481, 46.226778561598], [-101.198083104115, 46.1837775483298], [-101.190382095924, 46.1478545445954], [-101.212946103201, 46.1561225437254], [-101.228151104019, 46.1379755402496], [-101.302201122377, 46.1331625334996], [-101.311457123369, 46.1250105317369], [-101.29471711744, 46.1157475320031], [-101.319161121122, 46.1003695280963], [-101.312361117913, 46.0919375276351], [-101.36416512753, 46.0699185206432], [-101.397797137461, 46.0771235187209], [-101.430735141821, 46.0529765130406], [-101.47481115432, 46.0595055101639], [-101.498290157128, 46.0405975059095], [-101.483752152865, 46.0376115067572], [-101.496892153845, 46.023575503956], [-101.535165164927, 46.0306505016283], [-101.527333160468, 46.0164355005529], [-101.554063165698, 46.0067744971522], [-101.575284174388, 46.0255564976659], [-101.591117175647, 46.0091474943534], [-101.635592192011, 46.0377504941146], [-101.644958190598, 46.0155224906377], [-101.677688198321, 46.0114854874171], [-101.728927215733, 46.0361324861224], [-101.756800221629, 46.0287934829045], [-101.755572223681, 46.0425244846676], [-101.798754231614, 46.0242364788451], [-101.828173241527, 46.0379424780388], [-101.841853243483, 46.0289384758065], [-101.860338251526, 46.0480664765664], [-101.842653247361, 46.0502094783065], [-101.849365253073, 46.0732824805261], [-101.911810265716, 46.053820472945], [-101.937800274555, 46.0664114722801], [-101.963261278072, 46.0490674680563], [-101.99833728778, 46.0532814656184], [-101.998743269135, 45.9446604525009], [-102.444522761716, 45.9449261010955], [-102.445307617056, 45.905257959285], [-102.321025103401, 45.9046931996673], [-102.321926088764, 45.8181911891943], [-102.000626988928, 45.8180141650252], [-102.000452999339, 45.6437372568483], [-102.332850062128, 45.6455881664422], [-102.332949443725, 45.6016766951126], [-102.312114049416, 45.6015001628248], [-102.31234244085, 45.5859525129189], [-102.333178323158, 45.5861279872073], [-102.333712375591, 45.5582272867757], [-102.582903721575, 45.5582771360331], [-102.582362051171, 45.6451794865603], [-102.702273154554, 45.6460263386227], [-102.701807895896, 45.7306630388125], [-102.571352847083, 45.7313458788451], [-102.570139787687, 45.8182942863731], [-102.818385089363, 45.8183972614719], [-102.818005477241, 45.9451383835612], [-102.94208050848, 45.9450073730225], [-102.957291387677, 45.2128582840802], [-104.040014655706, 45.2128981935608], [-104.039704619666, 44.9980771680722], [-107.0049025503, 44.9963758347619], [-108.108398201238, 45.0004231985071], [-108.231349376303, 45.0242565882051], [-108.236911933722, 45.0422086626349], [-108.216358353419, 45.0442191556687], [-108.229412203996, 45.0590926521051], [-108.213741478705, 45.0889159676821], [-108.170215376283, 45.1027936020225], [-108.178638380643, 45.1166486027575], [-108.164867378266, 45.1208836044311], [-108.177265202265, 45.1275776150473], [-108.154789143438, 45.1404372804148], [-108.167529385223, 45.1567566080276], [-108.124263935441, 45.1795798953052], [-108.12681923059, 45.1996676802229], [-108.068515942003, 45.2147285240099], [-108.063594377505, 45.2463216268206], [-108.012554366347, 45.2489726316404], [-108.01113536948, 45.2683666338382], [-107.958843375904, 45.2422744676947], [-107.971988359421, 45.2620306366408], [-107.919864347553, 45.2622136412904], [-107.919742361729, 45.3082152942229], [-107.868892809571, 45.3332321264204], [-107.86890807148, 45.3494712931553], [-107.833278343512, 45.3505236584382], [-107.800334345602, 45.4043026671214], [-107.752521340559, 45.4372856749069], [-107.760394343963, 45.446158675153], [-107.815693348786, 45.4024266655526], [-107.841152346755, 45.3585696585982], [-107.880146173033, 45.3549530127407], [-107.919529357629, 45.3191216474074], [-107.950115362923, 45.3208306448682], [-107.95023743325, 45.3336860682295], [-108.030208764819, 45.3298561036974], [-108.036274377046, 45.3010436900876], [-108.235134421046, 45.2717316142512], [-108.234800018793, 45.2203238308208], [-108.173543656916, 45.2205040192907], [-108.17365664626, 45.1829368242771], [-108.194111057904, 45.1829330084593], [-108.209759391011, 45.1466170841971], [-108.291584411552, 45.1465755959255], [-108.301761823879, 45.0958968576235], [-108.281444734269, 45.0561895871871], [-108.280333619167, 45.0002168032999], [-110.000752532206, 45.0033632799699], [-110.000753016934, 44.9739157569693], [-109.969857829982, 44.9727687796359], [-109.927183523373, 44.9319573293057], [-109.940101152572, 44.8553082702916], [-109.928112486726, 44.8370841594958], [-109.958985209848, 44.8166465846306], [-109.95787413686, 44.8011076731339], [-109.824191181306, 44.7081218254862], [-109.907732627259, 44.6378768107742], [-110.009334245638, 44.6163869195085], [-110.024619520973, 44.6278976493358], [-110.033650819435, 44.6078358364605], [-110.064281415741, 44.6058223035255], [-110.079907133857, 44.5755386990092], [-110.17143108869, 44.5467020478917], [-110.122404905327, 44.4732790246635], [-110.00116333434, 44.5040804086075], [-110.001176496825, 44.4605882740901], [-110.074544191988, 44.3981326811078], [-110.062017538022, 44.3325701553902], [-110.000189213131, 44.323917929938], [-110.001125350851, 44.1326714898103], [-111.098029545772, 44.1328522732495], [-111.097085947702, 44.4864693730746], [-111.130671156222, 44.5001374974326], [-111.131394162041, 44.5324355006035], [-111.178652175588, 44.5524834983594], [-111.181042179045, 44.5692374998174], [-111.227643190235, 44.5766934963642], [-111.240901199725, 44.6145314989362], [-111.219331196569, 44.622527501678], [-111.252609208708, 44.651256501529], [-111.278489214192, 44.6512714991919], [-111.266816214603, 44.6675185018588], [-111.324390237834, 44.7295545027865], [-111.352989243284, 44.7261844998605], [-111.384836255158, 44.7549604998077], [-111.414285253484, 44.7107454927788], [-111.46762447849429, 44.71520021898968], [-111.489110268267, 44.7051094854356]]]}}, {"type": "Feature", "properties": {"GACCAbbreviation": "NWCC", "DispUnitIDs": ["USORBIC", "USORBMC", "USORCOC", "USOREIC", "USORJDCC", "USORLFC", "USORRICC", "USORRVC", "USORVAC", "USORWSC", "USWACAC", "USWACCC", "USWACWC", "USWANEC", "USWAPSC", "USWAYAC"]}, "geometry": {"type": "Polygon", "coordinates": [[[-122.678153580602, 42.0045744254381], [-122.678560080069, 42.0256810138492], [-122.640261431333, 42.0693840502858], [-122.679052605993, 42.0618612762829], [-122.732448788044, 42.0863647931527], [-122.797571081972, 42.0499309548126], [-122.859380024565, 42.045496581953], [-122.96593132828, 41.932114901706], [-123.073143528133, 41.9558639836989], [-123.114414471293, 41.9372490087465], [-123.164410179101, 41.9395025644141], [-123.203135871267, 41.9171666894472], [-123.303677460819, 41.9460059423496], [-123.302952793274, 41.9619014334699], [-123.336958130199, 41.9736229711904], [-123.35132878548, 41.9993353165979], [-123.517924961272, 42.0007611666872], [-123.540947962155, 41.9853181636031], [-123.533264956155, 41.9551741623218], [-123.559323952085, 41.9061831567698], [-123.593494957117, 41.9063221537111], [-123.613882956015, 41.8808901502176], [-123.639585655292, 41.8903248015281], [-123.652764841098, 41.9392459305333], [-123.782377885695, 41.9744225211417], [-123.78841059104, 41.9958228259769], [-124.182665271374, 41.9979642884996], [-124.328849078357, 41.9983390932978], [-124.412517101727, 42.0684940900661], [-124.433528120535, 42.16483709409], [-124.48368713837, 42.2296180934759], [-124.494168167601, 42.396091102633], [-124.542714177716, 42.4152570993164], [-124.57019318895, 42.4588540994028], [-124.554665192701, 42.494147102957], [-124.465365189966, 42.5530381147658], [-124.480852197019, 42.5815821150447], [-124.473568201623, 42.6147391177104], [-124.530326212696, 42.6322851134821], [-124.544143223472, 42.6838221152662], [-124.584703235324, 42.7193071135874], [-124.664651246865, 42.7204871061883], [-124.703004259393, 42.7617311050256], [-124.671776266008, 42.8255871116958], [-124.606874270337, 42.9035301223622], [-124.572367268739, 42.9225191267241], [-124.530620276309, 42.999835135195], [-124.505345284673, 43.0679581415741], [-124.515854296213, 43.1248351438995], [-124.465249302364, 43.2003131531077], [-124.470340311141, 43.2455011552523], [-124.455512313077, 43.2682381579878], [-124.476726320746, 43.2941301574648], [-124.471651328093, 43.3391561605566], [-124.367578973289, 43.4231937923951], [-124.29678334765, 43.5859631916276], [-124.285310361892, 43.6727311977394], [-124.239708380842, 43.8110602101106], [-124.186770441866, 44.176486236077], [-124.187663463433, 44.2885642422927], [-124.158602481854, 44.4060852517541], [-124.164571500942, 44.4998452563801], [-124.134327512811, 44.5831872640267], [-124.152342520582, 44.6093482636691], [-124.137454524629, 44.6410072669108], [-124.153976533815, 44.6753372671442], [-124.139132538598, 44.7105412705738], [-124.141577563381, 44.8334442770632], [-124.097946576244, 44.929662286729], [-124.093575600728, 45.0541712939354], [-124.044806616298, 45.1660043049564], [-124.059841628665, 45.2156043060902], [-124.042370639766, 45.2821813114568], [-124.076991657194, 45.3418513110904], [-124.036512666037, 45.4133413190697], [-124.06456368148, 45.4675723190555], [-124.053129689542, 45.5142303227083], [-124.026674690581, 45.5378823266984], [-124.037126699235, 45.5717293274043], [-124.010819724177, 45.7082903373246], [-124.067982741587, 45.7503203335632], [-124.037718756599, 45.8416193414781], [-124.043367767195, 45.8870913432459], [-124.080172777213, 45.9082693404811], [-124.092448784636, 45.9342663405327], [-124.07083379, 45.9739443448464], [-124.008139788477, 46.0099453532961], [-124.005139798332, 46.0573883560554], [-124.050672828368, 46.1639193566997], [-124.126278848647, 46.205107350782], [-124.159560865933, 46.2611373500743], [-124.130546894294, 46.4083213605375], [-124.145274955515, 46.6704793719365], [-124.194596002563, 46.8440973750705], [-124.246657027322, 46.9178183729749], [-124.244145059694, 47.0586533799762], [-124.273675089055, 47.1650763817871], [-124.306382113529, 47.2480883820979], [-124.351314126927, 47.2763953784807], [-124.359659135998, 47.3093413790934], [-124.413565158172, 47.3687353758978], [-124.421743168509, 47.4068503767469], [-124.406557171333, 47.4280263793965], [-124.461417227086, 47.6249653822713], [-124.514937234724, 47.6237133762599], [-124.555926246173, 47.6457703726846], [-124.566567256167, 47.6802443730372], [-124.540317261142, 47.7164503775791], [-124.641854301513, 47.8194293707763], [-124.704195319455, 47.8547423653297], [-124.753810340619, 47.9105283621768], [-124.758200349598, 47.9439833631269], [-124.801440364755, 47.9791853597692], [-124.785202389451, 48.0871203662129], [-124.848989422675, 48.1813783629781], [-124.82769642778, 48.2138353667602], [-124.780519424571, 48.2285853727387], [-124.788757435414, 48.2663773733938], [-124.761402438857, 48.2956933777376], [-124.817927471654, 48.3910083752797], [-124.801190477486, 48.4232473785303], [-124.745853475081, 48.4456683857862], [-124.769238484008, 48.4668073839911], [-124.768386491287, 48.4954083852744], [-124.012071326702, 48.296676462849], [-123.541231236203, 48.2245585127566], [-123.248450205687, 48.284021548531], [-123.115153220037, 48.4228355701362], [-123.15988923491, 48.4535125665231], [-123.218944268623, 48.5487135642832], [-123.267892313926, 48.6939985654298], [-123.008501292057, 48.7671045984063], [-123.008514308849, 48.831251601386], [-123.322255403532, 49.0020775731728], [-121.01482899789228, 48.99571332967408], [-121.019523511081, 49.0002707991467], [-120.555099946539, 49.0005748886903], [-120.024505162823, 48.9994568784135], [-117.607439413628, 49.0007472176387], [-117.032430425787, 48.9992070077632], [-117.032355930437, 48.9464687773262], [-117.053730360161, 48.9291314538518], [-117.05990370083, 48.8873792104426], [-117.158998043085, 48.7809173026381], [-117.145287116628, 48.7655309331235], [-117.190628946769, 48.7314296459406], [-117.166014763559, 48.6971664763679], [-117.184315092366, 48.6783198231347], [-117.138507841351, 48.6286856048364], [-117.156137254432, 48.546429507469], [-117.117376798728, 48.5125016694084], [-117.141387651594, 48.4646919936217], [-117.133685401585, 48.3886092893624], [-117.152598887292, 48.3561405751455], [-117.128778346771, 48.3313916860481], [-117.081079708276, 48.3337416413405], [-117.037254365106, 48.2723188069], [-117.039584707747, 46.4253851005316], [-117.04115472913291, 46.42502978419124], [-117.061938696165, 46.3509250927347], [-117.027014686992, 46.3383020953269], [-117.020594680844, 46.314795094222], [-116.986229670472, 46.2959560962839], [-116.991208667414, 46.2769660943598], [-116.95549365112, 46.2309900945099], [-116.965397647149, 46.203128091418], [-116.921489631151, 46.16568609301], [-116.955437624235, 46.1018670847813], [-116.981965625656, 46.0848530808358], [-116.94280661345, 46.0611210829621], [-116.857267565258, 45.904165079539], [-116.796472545154, 45.8612300822861], [-116.782152535141, 45.825122080925], [-116.711835522223, 45.8262730879869], [-116.661183503432, 45.7803190894402], [-116.593017490288, 45.7785470960445], [-116.546656476019, 45.7509780984734], [-116.537382430593, 45.7127912763997], [-116.416727394117, 45.7139478283824], [-116.427883561987, 45.6928487256219], [-116.380882882991, 45.642181486244], [-116.390575167892, 45.6074542325433], [-116.378654329996, 45.5790642314618], [-116.408642930877, 45.5550646666187], [-116.423163805323, 45.5132571418784], [-116.450785878036, 45.5007196081802], [-116.441653910289, 45.4702059766489], [-116.473987140825, 45.4421218612573], [-116.481669611878, 45.3893094563046], [-116.50874784896, 45.3485349104169], [-116.49621877224, 45.3261925798541], [-116.541039523576, 45.2900488726102], [-116.52340517433, 45.2595426918861], [-116.524724956565, 45.2183214784584], [-116.562417968634, 45.1409569186046], [-116.61696346131, 45.1538603843604], [-116.613020030736, 45.2063152489361], [-116.63435698777, 45.2220316981201], [-116.635420045131, 45.2588423709496], [-116.698154444225, 45.2454813737903], [-116.729620390017, 45.1420970325112], [-116.774860391361, 45.1055420252181], [-116.79734238681, 45.0602730194355], [-116.842512389344, 45.0299040126502], [-116.87317519353836, 44.956506507380915], [-116.826907377629, 44.9838840104833], [-116.850997377819, 44.9615620063775], [-116.832003368852, 44.9330130059231], [-116.857051363538, 44.880775999329], [-116.898633366087, 44.8537499931686], [-116.934713359514, 44.7838869841059], [-117.062286372279, 44.7271489673409], [-117.124767356866, 44.5838399498881], [-117.148268357537, 44.5643769460867], [-117.149255352463, 44.5361569437263], [-117.225769356109, 44.4805389319831], [-117.215085344285, 44.4271679287065], [-117.243040342705, 44.3909799231429], [-117.189782322998, 44.3365909237918], [-117.217856322725, 44.3071859187608], [-117.216987319122, 44.2883629173192], [-117.16105730334, 44.2577639201103], [-117.104220297014, 44.2799479272701], [-117.051444278037, 44.2287539280622], [-117.031875278076, 44.2486409315284], [-116.981833912131, 44.2443511308838], [-116.971688257718, 44.1972619329741], [-116.925405248197, 44.1915499368471], [-116.894096236777, 44.1601969371978], [-116.933714233194, 44.1000489285247], [-116.977364238547, 44.0853699232325], [-116.973198231327, 44.0494309206545], [-116.936147220548, 44.0271459222675], [-116.935314213505, 43.9886219191514], [-116.97605821854, 43.9750639142338], [-116.959219213908, 43.9663659150799], [-116.972444214834, 43.9579929131548], [-116.960490212133, 43.9551089140275], [-116.961548205791, 43.9183939108797], [-116.981158208542, 43.913698908668], [-116.98295320071, 43.8677159046782], [-117.020048205932, 43.8589619005103], [-117.011595201219, 43.8410508998043], [-117.032591203129, 43.8301868969552], [-117.021563199213, 43.8194078970796], [-117.026209898741, 41.9998957395692], [-117.503839543052, 41.9993683132651], [-117.493772144568, 42.0462531852466], [-117.512921929039, 42.0466956886249], [-117.5330330245, 42.0971412482879], [-117.572934765722, 42.104412058453], [-117.562398565331, 42.0755462428521], [-117.582524912968, 42.0823631056982], [-117.582494393758, 42.0682754274727], [-117.611257214677, 42.0607413973184], [-117.6119739651, 41.998541704831], [-118.226362700752, 41.9972304063816], [-119.045022250974, 41.9935875636323], [-118.77236030129, 41.9925451963869], [-118.772527527753, 41.867317054933], [-118.971670017973, 41.8688276577417], [-118.971860735238, 41.7607534607538], [-118.941709364162, 41.7610967853941], [-118.945058643278, 41.5953405462546], [-119.440572637659, 41.593809254436], [-119.442968058143, 41.7694952855853], [-119.558721077592, 41.7699682755545], [-119.558172184353, 41.8140275691682], [-119.674001670809, 41.8148515321315], [-119.674245824489, 41.9020512731118], [-119.557638097822, 41.900781286218], [-119.55622480653, 41.9957705189824], [-122.289761777983, 42.0081032774781], [-122.678153580602, 42.0045744254381]]]}}, {"type": "Feature", "properties": {"GACCAbbreviation": "ONCC", "DispUnitIDs": ["USCABTCC", "USCACICC", "USCACZCC", "USCAFICC", "USCAGVCC", "USCALNCC", "USCAMECC", "USCAMICC", "USCAMNFC", "USCAMRCC", "USCANCIC", "USCAPNFC", "USCARICC", "USCASCCC", "USCASIFC", "USCATGCC", "USCAYICC"]}, "geometry": {"type": "MultiPolygon", "coordinates": [[[[-124.276134055385, 41.9030570920971], [-124.291953061759, 41.9285030922672], [-124.288592067933, 41.9695690951422], [-124.328849078357, 41.9983390932978], [-124.076629171901, 41.9965704329978], [-123.78841059104, 41.9958228259769], [-123.782377885695, 41.9744225211417], [-123.652764841098, 41.9392459305333], [-123.635460361641, 41.8962516392853], [-123.63837425452438, 41.888789845521856], [-123.606314954889, 41.8807781508891], [-123.593623957126, 41.9062571536953], [-123.559505952078, 41.9059731567397], [-123.533264956155, 41.9551741623218], [-123.540947962155, 41.9853181636031], [-123.517924961272, 42.0007611666872], [-123.35132878548, 41.9993353165979], [-123.336958130199, 41.9736229711904], [-123.302952793274, 41.9619014334699], [-123.303677460819, 41.9460059423496], [-123.202930861237, 41.9171670994656], [-123.164410179101, 41.9395025644141], [-123.114414471293, 41.9372490087465], [-123.073143528133, 41.9558639836989], [-122.965594428245, 41.9322136317429], [-122.859380024565, 42.045496581953], [-122.797571081972, 42.0499309548126], [-122.732448788044, 42.0863647931527], [-122.679052605993, 42.0618612762829], [-122.640261431333, 42.0693840502858], [-122.678560080069, 42.0256810138492], [-122.678153580602, 42.0045744254381], [-122.289761777983, 42.0081032774781], [-121.889071825322, 42.0032402839435], [-120.093508336573, 41.9948370686187], [-119.55622480653, 41.9957705189824], [-119.557638097822, 41.900781286218], [-119.674245824489, 41.9020512731118], [-119.674001670809, 41.8148515321315], [-119.558172184353, 41.8140275691682], [-119.558721077592, 41.7699682755545], [-119.442968058143, 41.7694952855853], [-119.440572637659, 41.593809254436], [-119.205745560858, 41.5916555215074], [-119.2441347707, 41.5679014002333], [-119.25365635859, 41.4777618469388], [-119.292160442884, 41.4633641784418], [-119.311762130729, 41.5328049035101], [-119.349360121928, 41.5386037597549], [-119.354582483114, 41.514367404305], [-119.425752437383, 41.5034318352853], [-119.475304642677, 41.5297008361824], [-119.475076926577, 41.5555033373189], [-119.548735553291, 41.5842995623213], [-119.822813345762, 41.5771451940595], [-119.818981174928, 41.5627958742331], [-119.635708477063, 41.5730159798925], [-119.629248039004, 41.4220677711301], [-119.557694890209, 41.4228779493331], [-119.503781329225, 41.3766092571425], [-119.510859234139, 41.2615958160334], [-119.474306166136, 41.2421585345314], [-119.427722526628, 41.2640982353158], [-119.422913923659, 41.2496041145196], [-119.441025979352, 41.2406558892358], [-119.436145594583, 41.2006880183243], [-119.407475390473, 41.171630120332], [-119.407575655758, 41.132952435092], [-119.426897137907, 41.1256443968471], [-119.436302009019, 41.0819089123955], [-119.464709991738, 41.0817527469844], [-119.493702105231, 41.0454800305072], [-119.53468996313, 41.0391712555249], [-119.533900660532, 41.0223863891904], [-119.568860942072, 41.0068890669525], [-119.578283955057, 40.9482800452666], [-119.684905520765, 40.9484292433204], [-119.703956458072, 40.9631420949413], [-119.788701880321, 40.9715992725101], [-119.796461062309, 40.8048262160235], [-119.762907998275, 40.7944738529647], [-119.753767813549, 40.7652751732914], [-119.706219946593, 40.7298671762918], [-119.725534956294, 40.6916462704817], [-119.744919049569, 40.6921684209143], [-119.748867921679, 40.5552714690911], [-119.783347891371, 40.5553318432472], [-119.786411722233, 40.4872700232665], [-119.84254817546, 40.4659763618506], [-119.839649229913, 40.4228928324619], [-119.809121906835, 40.4224752299348], [-119.808857093252, 40.404403084431], [-119.79060809124, 40.4043321419228], [-119.790550592751, 40.379534411831], [-119.830058842567, 40.3818126897841], [-119.77783290986, 40.2303005462078], [-119.828082805064, 40.2082553942436], [-119.827560186064, 40.1726985982621], [-119.884729154493, 40.1585842124198], [-119.903148429507, 40.2019802106038], [-119.960797915894, 40.2160681111023], [-119.960683615888, 40.2449947355535], [-119.996313843712, 40.2449872796465], [-119.998204811854, 39.9673513649857], [-120.08002036995302, 39.96826939565439], [-120.079331262286, 39.9395003050883], [-120.051371947733, 39.9394875573366], [-120.043659202561, 39.9106161355012], [-120.061742021585, 39.8816499315837], [-120.089887876162, 39.8816329793239], [-120.099557965765, 39.8670624273091], [-120.098931479808, 39.823640923664], [-120.1084061718261, 39.82354814020591], [-120.108343341322, 39.8235235709007], [-120.110640103939, 39.7657842877964], [-120.127776102756, 39.7361642839022], [-120.146593105842, 39.7364112824232], [-120.14719401408, 39.7075263909112], [-120.129653787337, 39.6932961200916], [-120.138664753131, 39.6507018057331], [-120.104361243272, 39.6183423456815], [-120.104285857967, 39.5783289422518], [-120.085588654925, 39.5782764437261], [-120.085576646178, 39.5347055159772], [-120.066929196153, 39.5347257914505], [-120.039218306913, 39.4986729205233], [-120.057603531263, 39.4326850833701], [-120.005368466726, 39.3091368367277], [-120.00504530977871, 39.279808542631876], [-119.959226276928, 39.2913756487755], [-119.942769658557, 39.3247237429721], [-119.927892345828, 39.3223586239265], [-119.895101194886, 39.2790045926871], [-119.910405747588, 39.20279456481], [-119.882657630133, 39.1798873049464], [-119.903806315795, 39.1188673979359], [-119.878820047027, 39.081902986602], [-119.892407987949, 39.0717215546555], [-119.890248867709, 38.9934935479019], [-119.877980794934, 38.987328998297], [-119.888768755185, 38.9753661064092], [-119.853206737163, 38.9576379475611], [-119.900036530696, 38.9250167410803], [-119.87776294998, 38.8683162277413], [-119.906324953031, 38.8555102244242], [-119.947939950612, 38.781647214685], [-119.981787643617, 38.7615648303282], [-119.993777228534, 38.7046753243553], [-119.985216221917, 38.6621746412128], [-119.92466349886, 38.6358299334256], [-119.908017971311, 38.5962246511279], [-119.853505593219, 38.6025386157955], [-119.840404058577, 38.5819674149288], [-119.929874588085, 38.540632314494], [-120.004780805039, 38.5801083524067], [-120.037909378687, 38.5660512186595], [-120.056041975597, 38.5165610228746], [-120.114143942676, 38.4975731768232], [-120.207736958179, 38.5010441701169], [-120.331052973633, 38.4651971576955], [-120.423227989371, 38.4733271515061], [-120.46141699218, 38.4461761462526], [-120.495376998014, 38.4496121440114], [-120.530142999836, 38.4188891387081], [-120.60874900976, 38.3975431309562], [-120.631796006483, 38.3399521241858], [-120.738299019492, 38.3077731134329], [-120.754927019784, 38.2882711104907], [-120.807753028181, 38.2887281065999], [-120.893312033614, 38.2213960943757], [-121.030001890708, 38.2267273716916], [-121.06821441033, 38.2069363921435], [-121.171276855895, 38.2192467875517], [-121.159219650462, 38.3396841317856], [-121.172004081357, 38.2556110766219], [-121.397490113012, 38.2273400574214], [-121.429283121221, 38.2548070573864], [-121.47215112843, 38.2596640546014], [-121.528909129489, 38.1953370449296], [-121.536323125418, 38.1515860406741], [-121.584087129045, 38.120233034478], [-121.565479123609, 38.0985340340175], [-121.673078139545, 38.0935230256316], [-121.582341902327, 38.091134803143], [-121.58447804038, 38.0634436446377], [-121.623601906153, 38.0614137995761], [-121.638334009511, 38.0452893381234], [-121.606565192384, 38.0177319601305], [-121.584677803345, 38.0289850286988], [-121.575307898738, 38.0699478018668], [-121.53919764827, 38.0537770501598], [-121.521649883528, 38.0110068008128], [-121.504499230518, 38.0248846732586], [-121.524312792319, 38.0227446986167], [-121.516942714671, 38.0523350286794], [-121.450557450781, 37.9958412917487], [-121.355252851868, 37.9687588094266], [-121.320127810449, 37.9176050115934], [-121.333142837853, 37.8779728032206], [-121.311429864323, 37.824805407205], [-121.327863828692, 37.805970797378], [-121.295423298015, 37.7656472412371], [-121.311055831046, 37.7622482948078], [-121.293326117024, 37.7511756071318], [-121.299664814976, 37.7247857923783], [-121.280667810243, 37.7091987923964], [-121.262395809051, 37.7235197949658], [-121.275357806264, 37.6816227903772], [-121.266216805639, 37.6885537916418], [-121.214772790652, 37.627182789987], [-121.205685790287, 37.6363767914465], [-121.173147009392, 37.6114398566003], [-121.152783773192, 37.5582207883823], [-121.125928768233, 37.5513317896994], [-120.98606099515, 37.3975620250332], [-120.994266953062, 37.3852660133541], [-120.973131948744, 37.376153014039], [-120.981796948924, 37.3655970124822], [-120.963824943954, 37.346149012016], [-121.226816961627, 37.1347789746433], [-121.217351958879, 37.1230469742606], [-121.245496959547, 37.0891529692734], [-121.208210950743, 37.0612939693891], [-121.248659954016, 37.0336849641063], [-121.233349949272, 37.0117509632122], [-121.246580948458, 36.9852329599225], [-121.215418941048, 36.9612529599374], [-121.418258972299, 36.9605539458104], [-121.450619980341, 36.9889489460815], [-121.488961985608, 36.9831529429039], [-121.575737989218, 36.8930049289191], [-121.590366995016, 36.926155930833], [-121.581366990739, 36.8991569290732], [-121.628431999299, 36.9118249269328], [-121.64470099986, 36.8938829242262], [-121.655473003555, 36.9129789251615], [-121.680634006356, 36.903289922567], [-121.705542010824, 36.9095079213882], [-121.699969011068, 36.919687922668], [-121.787027020599, 36.8849749135961], [-121.809993020431, 36.8508099090177], [-122.051891053704, 36.8196048895972], [-122.076412067112, 36.9102038957334], [-122.209335092642, 36.9616108909086], [-122.261062103846, 36.9934568900223], [-122.313912118426, 37.0547688915426], [-122.385752131465, 37.0758978882944], [-122.396929136854, 37.1098928903803], [-122.464130154342, 37.177852891363], [-122.48171616263, 37.229151894418], [-122.467018173887, 37.3498939055499], [-122.50990219057, 37.4415589101067], [-122.572790205302, 37.4891869095314], [-122.588190217848, 37.5794129158546], [-122.567510221616, 37.6391899222645], [-122.581294237616, 37.7602079311759], [-122.612298248611, 37.8152289333965], [-122.675667261893, 37.8485219314543], [-122.757908275462, 37.860486926381], [-122.889304308194, 37.9741139258122], [-122.953237313699, 37.9410979184508], [-123.050097328716, 37.9480209118405], [-123.079403335828, 37.9719419115655], [-123.085143340987, 38.0084379140238], [-123.014830347464, 38.1491369303609], [-123.049630360397, 38.2142909328795], [-123.134536382739, 38.2962679329041], [-123.134325388732, 38.3457909367747], [-123.220233413044, 38.4419589377109], [-123.360942441926, 38.5102069322302], [-123.510593484858, 38.6808949336914], [-123.63251051216, 38.7581239300568], [-123.520210496026, 38.7585939387866], [-123.632624512183, 38.758177930052], [-123.784689551238, 38.8937329282675], [-123.806518560346, 38.9404619299932], [-123.806081564984, 38.977046932708], [-123.763161562911, 39.0086949383935], [-123.761978566925, 39.04109594086], [-123.84548459934, 39.1982589457097], [-123.896822629982, 39.3748979543484], [-123.872528643527, 39.5023909654218], [-123.834662644393, 39.5491989718175], [-123.857196664604, 39.67469797893], [-123.893229673864, 39.7047889781341], [-123.910542689314, 39.7995799834126], [-123.944092388767, 39.818873632026], [-124.035368725311, 39.9310779823764], [-124.133268748831, 39.9998699790671], [-124.153775760662, 40.0635489817517], [-124.231217775846, 40.0933869773716], [-124.421300823053, 40.2371069712578], [-124.428068841854, 40.3617899790323], [-124.48201686078, 40.4403229797049], [-124.403380874877, 40.6131749978139], [-124.232635888575, 40.8692910293468], [-124.197632895761, 40.9505340377235], [-124.182707901278, 41.0013180423587], [-124.227092914453, 41.046627041487], [-124.252487931354, 41.1340800449925], [-124.237638934104, 41.1659640483638], [-124.195545930946, 41.1845870532508], [-124.16450934345, 41.2819073193057], [-124.16341194303, 41.2931740631348], [-124.212269950883, 41.2988330592164], [-124.241347959738, 41.3292910586345], [-124.237167964008, 41.360721061032], [-124.212027963782, 41.3823990646449], [-124.139986953391, 41.381826070951], [-124.136510965726, 41.4642700765959], [-124.209799003088, 41.6352100810771], [-124.211720010651, 41.6811980838389], [-124.39206905091, 41.7723820734726], [-124.44072106847, 41.8387450732545], [-124.401256070408, 41.8855930797292], [-124.285045049636, 41.8594920885566], [-124.276134055385, 41.9030570920971]]], [[[-154.963857512074, 19.7691924574097], [-154.931867513904, 19.7154714590648], [-154.928949514894, 19.6736084607803], [-154.881442517055, 19.6199544620832], [-154.778308520451, 19.5598984624726], [-154.755852521787, 19.5207874636206], [-154.786146523087, 19.440379467573], [-154.939677523126, 19.3128374762077], [-155.175631520744, 19.2113894858046], [-155.268419518532, 19.2194984875586], [-155.325391518496, 19.17128349097], [-155.466111517272, 19.0953554975954], [-155.5000165173, 19.0643414997787], [-155.557484519167, 18.943445506576], [-155.663009518766, 18.8661625126561], [-155.70598751762, 18.870304513532], [-155.739985515529, 18.9168945122368], [-155.916348508918, 19.0000025126633], [-155.954078506538, 19.0536255110398], [-155.97475250401, 19.1301645079018], [-155.943227499411, 19.3442304970102], [-156.012878493848, 19.5000034910711], [-156.03029149134, 19.5874814872177], [-156.078606489204, 19.6250044864006], [-156.120015485784, 19.727179482254], [-156.095686484485, 19.815016477466], [-156.012405485059, 19.8897564722028], [-155.962441485944, 19.909155470307], [-155.938897485444, 19.9615214673307], [-155.884325485661, 20.0183304635787], [-155.948002481883, 20.1237894596389], [-155.960832480087, 20.1977324562692], [-155.942395479134, 20.2716314523517], [-155.912493479304, 20.303231450308], [-155.860967480301, 20.3202874486161], [-155.774832482881, 20.2986484482097], [-155.582101489849, 20.1813194504455], [-155.400233495035, 20.1340314494346], [-155.252413499769, 20.0634514499829], [-155.140344503714, 19.9894844512201], [-155.031634508402, 19.8750034541747], [-155.033329510115, 19.7934244577244], [-154.963857512074, 19.7691924574097]]], [[[-156.000014467524, 20.8521264246717], [-156.000014467167, 20.8750034235337], [-155.959005468245, 20.8750034229713], [-155.926799470558, 20.7817384271274], [-155.928115471448, 20.7247954299484], [-155.949660471683, 20.6768354326243], [-156.025929470876, 20.6062634372554], [-156.135284468583, 20.5698464407471], [-156.195622466816, 20.5771544413108], [-156.290486464904, 20.5368984448273], [-156.375014462672, 20.5289884465598], [-156.437398460632, 20.5439324467689], [-156.484524458658, 20.5790864456782], [-156.483370459856, 20.5131704490897], [-156.533470459308, 20.4629834525062], [-156.750014453033, 20.4543384564724], [-156.755756451397, 20.5352794522379], [-156.733659451243, 20.5818474494007], [-156.59774845399, 20.6578824432787], [-156.549639455402, 20.6580334425449], [-156.495742456405, 20.6915834399796], [-156.511884455206, 20.7353894379251], [-156.625014451638, 20.7500034388083], [-156.72862944688, 20.8517024348627], [-156.752369445022, 20.9241354312914], [-156.732180444314, 21.0109364263369], [-156.67043844521, 21.0766964219951], [-156.591045447353, 21.0924144201418], [-156.490742451129, 21.0354384218713], [-156.45494345311, 20.9721444247243], [-156.404922454517, 20.974184423952], [-156.339232455935, 21.0041984215257], [-156.268592457924, 21.0037544206231], [-156.195310460434, 20.9715054213082], [-156.136372462863, 20.9174404232631], [-156.032303466549, 20.8598614247329], [-156.000014467524, 20.8521264246717]]], [[[-157.65216540811, 21.4391104132247], [-157.598736411466, 21.3261274193134], [-157.607707411921, 21.2691374227863], [-157.675791410282, 21.2138044268929], [-157.745325407689, 21.2216744272823], [-157.810243405664, 21.1992414294317], [-157.859081403691, 21.2131384292022], [-157.898670401726, 21.2499424274629], [-157.963569399223, 21.2577414277809], [-158.110091394022, 21.2370744308481], [-158.142268392664, 21.2468404306405], [-158.164368391467, 21.2723384293291], [-158.18326738974, 21.3459384249768], [-158.228866387593, 21.3756344236561], [-158.30136738322, 21.496821416859], [-158.298667382978, 21.5247214150683], [-158.342165380792, 21.5642894130314], [-158.335062380586, 21.6045764104018], [-158.311959381286, 21.6217834090722], [-158.148860387351, 21.6420024061329], [-158.057158389776, 21.735486399408], [-157.991762391933, 21.7629683970845], [-157.924227394658, 21.7434543976447], [-157.860225397884, 21.6655474017831], [-157.844163398975, 21.6218074042821], [-157.802063400881, 21.5901024057728], [-157.750938403616, 21.516461409676], [-157.702627405322, 21.5187124090239], [-157.65056340759, 21.4850934104702], [-157.640763408217, 21.4626984116957], [-157.65216540811, 21.4391104132247]]], [[[-159.449539331112, 21.8174394073624], [-159.624783322815, 21.8438774071753], [-159.711728318098, 21.9075604034651], [-159.793615313923, 21.9397834019051], [-159.843623310947, 22.0000033980179], [-159.84813830999, 22.0760763925699], [-159.750014313494, 22.1994523829121], [-159.574897320932, 22.2829533756715], [-159.375014330052, 22.2803413744447], [-159.320905332653, 22.258885375556], [-159.26553133558, 22.2039183789635], [-159.241940337374, 22.1189043846518], [-159.283725336465, 22.0185043919183], [-159.284368337209, 21.9406403972968], [-159.403914332979, 21.8349564057086], [-159.449539331112, 21.8174394073624]]]]}}, {"type": "Feature", "properties": {"GACCAbbreviation": "OSCC", "DispUnitIDs": ["USCAANCC", "USCABECC", "USCACCCC", "USCAKRCC", "USCALACC", "USCALPCC", "USCAMMCC", "USCAORCC", "USCAOVCC", "USCARRCC", "USCASBCC", "USCASBDC", "USCASDIC", "USCASICC", "USCASLCC", "USCASQCC", "USCASTCC", "USCATCCC", "USCATUCC", "USCAVNCC", "USCAYPCC"]}, "geometry": {"type": "Polygon", "coordinates": [[[-119.218005349272, 34.0624958018284], [-119.285755366776, 34.1408098062801], [-119.33447438267, 34.2365348136011], [-119.467007408982, 34.2936648119484], [-119.500965417285, 34.3269268134597], [-119.617474439656, 34.3687348110403], [-119.71365645239, 34.3360338020482], [-119.79707946828, 34.3653358002204], [-119.88388648142, 34.3561487942136], [-120.024368508391, 34.4093477914597], [-120.147292529116, 34.42292078564], [-120.462140576307, 34.3924837641117], [-120.523658588287, 34.4195097632113], [-120.559451599823, 34.4884707679908], [-120.652741616053, 34.5071497643381], [-120.70398062764, 34.5484997654011], [-120.707195634027, 34.6162157719006], [-120.664703634393, 34.6963487823456], [-120.702105644821, 34.7483337852204], [-120.673293648315, 34.8386287958294], [-120.718417657939, 34.8674187959194], [-120.733832662907, 34.8960457977844], [-120.7028076674, 34.9999798098261], [-120.689618674306, 35.0988328202687], [-120.847312702503, 35.1378738143291], [-120.949044725973, 35.2210248160281], [-120.961376731136, 35.2561478186264], [-120.923447733818, 35.348417829825], [-120.933304739498, 35.3927528334423], [-121.041647758876, 35.4199948292192], [-121.151068784915, 35.5164168314216], [-121.201567799115, 35.5836948345353], [-121.323524821846, 35.6249738306119], [-121.366374833759, 35.6804238330246], [-121.393472845945, 35.7634058389693], [-121.438188856036, 35.7966598391519], [-121.519204874958, 35.8634048400372], [-121.561473889328, 35.9438228446388], [-121.631830903535, 35.9789498432373], [-121.674371918539, 36.0646658482139], [-121.727824933113, 36.1290138504933], [-121.889132828607, 36.2186237588213], [-121.952845982313, 36.2784738488933], [-121.981055001041, 36.419638859478], [-122.044063027015, 36.5782538691313], [-122.00113702783, 36.6477088781266], [-122.051891053704, 36.8196048895972], [-121.809993020431, 36.8508099090177], [-121.787027020599, 36.8849749135961], [-121.699969011068, 36.919687922668], [-121.705542010824, 36.9095079213882], [-121.680634006356, 36.903289922567], [-121.655473003555, 36.9129789251615], [-121.64470099986, 36.8938829242262], [-121.628431999299, 36.9118249269328], [-121.562913987602, 36.8962569300935], [-121.488961985608, 36.9831529429039], [-121.450619980341, 36.9889489460815], [-121.418258972299, 36.9605539458104], [-121.21688839224778, 36.961247896010214], [-121.245899948116, 36.9830409597737], [-121.233349949272, 37.0117509632122], [-121.248659954016, 37.0336849641063], [-121.20819095078, 37.0616699694241], [-121.245496959547, 37.0891529692734], [-121.217351958879, 37.1230469742606], [-121.226816961627, 37.1347789746433], [-120.963824943954, 37.346149012016], [-120.98982395355, 37.3958760146157], [-120.387341885148, 37.6335040789738], [-120.98606099515, 37.3975620250332], [-121.125928768233, 37.5513317896994], [-121.152783773192, 37.5582207883823], [-121.173147009392, 37.6114398566003], [-121.205685790287, 37.6363767914465], [-121.214772790652, 37.627182789987], [-121.266216805639, 37.6885537916418], [-121.275357806264, 37.6816227903772], [-121.262395809051, 37.7235197949658], [-121.280667810243, 37.7091987923964], [-121.299664814976, 37.7247857923783], [-121.293326117024, 37.7511756071318], [-121.311055831046, 37.7622482948078], [-121.295423298015, 37.7656472412371], [-121.327863828692, 37.805970797378], [-121.311429864323, 37.824805407205], [-121.333142837853, 37.8779728032206], [-121.320127810449, 37.9176050115934], [-121.355252851868, 37.9687588094266], [-121.450557450781, 37.9958412917487], [-121.516942714671, 38.0523350286794], [-121.524312792319, 38.0227446986167], [-121.504499230518, 38.0248846732586], [-121.521649883528, 38.0110068008128], [-121.53919764827, 38.0537770501598], [-121.56882989754, 38.0682428022006], [-121.584677803345, 38.0289850286988], [-121.606565192384, 38.0177319601305], [-121.638334009511, 38.0452893381234], [-121.57658089936, 38.0735528020785], [-121.607644541245, 38.0998122960056], [-121.564620123562, 38.0992570341424], [-121.584087129045, 38.120233034478], [-121.536323125418, 38.1515860406741], [-121.528909129489, 38.1953370449296], [-121.471696128378, 38.2598210546487], [-121.429283121221, 38.2548070573864], [-121.397490113012, 38.2273400574214], [-121.17045243435, 38.257574032906], [-121.171276855895, 38.2192467875517], [-121.06821441033, 38.2069363921435], [-121.030001890708, 38.2267273716916], [-120.893805033678, 38.2212820943292], [-120.807753028181, 38.2887281065999], [-120.754927019784, 38.2882711104907], [-120.738299019492, 38.3077731134329], [-120.631796006483, 38.3399521241858], [-120.60874900976, 38.3975431309562], [-120.530142999836, 38.4188891387081], [-120.495376998014, 38.4496121440114], [-120.46141699218, 38.4461761462526], [-120.423227989371, 38.4733271515061], [-120.380719981085, 38.4610471536082], [-120.26634645873087, 38.47915406911055], [-120.207736958179, 38.5010441701169], [-120.123457943983, 38.4959631759816], [-120.069045707014, 38.5109234013956], [-120.037909378687, 38.5660512186595], [-120.004780805039, 38.5801083524067], [-119.929874588085, 38.540632314494], [-119.840404058577, 38.5819674149288], [-119.832932903609, 38.5511667027138], [-119.769101739003, 38.5165332843667], [-119.766587523615, 38.4754093908283], [-119.735090918003, 38.471485032824], [-119.72901562361, 38.4432934507154], [-119.687911347449, 38.4478771941964], [-119.681021900817, 38.4021103405373], [-119.627927095684, 38.3482671195562], [-119.651521842174, 38.2864671921448], [-119.613213832933, 38.2614211926734], [-119.621707833198, 38.2519461911757], [-119.60419482832, 38.2349661909044], [-119.624434830888, 38.2286781888346], [-119.632683828711, 38.1988631854834], [-119.596458960924, 38.1830894266925], [-119.628082712094, 38.1491039712358], [-119.591433820337, 38.1850941872467], [-119.546831808109, 38.1432731866545], [-119.506502800772, 38.1371181890391], [-119.496502801427, 38.1566581915841], [-119.459817788321, 38.0962821886607], [-119.440480785074, 38.0956831900178], [-119.430558785853, 38.1162741926606], [-119.349857768976, 38.0855711956913], [-119.307506254534, 38.0301535665849], [-119.2624222587, 38.0353818573557], [-119.262637517224, 38.0481820045432], [-119.182240741523, 38.0876232081105], [-119.194711753866, 38.1753602154465], [-119.13937872995, 38.1605111121023], [-119.082536608701, 38.1706303532151], [-119.028929378095, 38.1987893457973], [-119.069913034219, 38.2268521334377], [-119.006087640714, 38.2363180620148], [-118.971612722073, 38.2202472360258], [-118.968575725357, 38.252383239286], [-118.944980722988, 38.265649242273], [-118.797636685982, 38.1605562430853], [-118.660095668189, 38.2057342574545], [-118.611110389696, 38.2546524667278], [-118.472863961362, 38.254729675862], [-118.460808757764, 38.0098011260345], [-118.24402832311, 37.9933770170802], [-118.232176929345, 37.8030088291968], [-118.122950190715, 37.8027155269604], [-118.121601987375, 37.6864421555052], [-118.109529771461, 37.6520234629315], [-118.108916755895, 37.6657721673451], [-117.226968347284, 37.0167231050415], [-116.878430854246, 37.0164572646458], [-116.880612178583, 36.7568693107557], [-115.784515924167, 35.9158042127123], [-114.685669061034, 35.0442878572626], [-114.720879415131, 34.9824450526785], [-114.69757671984, 34.9825510220665], [-114.697402326984, 34.9385626497318], [-114.662172497237, 34.9242419310611], [-114.662355391229, 34.8658952399404], [-114.613979056489, 34.8449870352179], [-114.57774527007, 34.7665879977337], [-114.520624354328, 34.7058839135921], [-114.467215352293, 34.6924952580328], [-114.466128058902, 34.6073251015847], [-114.448351132599, 34.6072571125981], [-114.447888083299, 34.5928009888373], [-114.460980324142, 34.4780548888792], [-114.42604458666, 34.4780191148654], [-114.425724192592, 34.4417528863797], [-114.406608164051, 34.4418210604746], [-114.403121106614, 34.3838179624554], [-114.29776580804, 34.3838619354223], [-114.280565328444, 34.3547204627513], [-114.263130251209, 34.3548463487512], [-114.262825072782, 34.325930940148], [-114.245260296503, 34.3258279441245], [-114.245353751781, 34.2677568008362], [-114.253933009022, 34.2879251068849], [-114.514835440241, 34.0125573208323], [-114.513102402563, 33.9829056872108], [-114.544341298192, 33.9684778206812], [-114.538225277289, 33.7161897882871], [-114.54646227689, 33.6913717847098], [-114.572475500621, 33.6904785731927], [-114.569623280063, 33.5598251628378], [-114.604119277386, 33.5593557319333], [-114.603313505267, 33.5072094923787], [-114.65627486401, 33.5070907885407], [-114.656178274563, 33.4486229081499], [-114.691183160989, 33.4484588822708], [-114.691344280893, 33.4335510443768], [-114.774899299252, 33.4337627399709], [-114.773058922491, 33.3749998176481], [-114.755698216288, 33.3747496585336], [-114.756507191839, 33.2864688733162], [-114.739453281716, 33.286553723222], [-114.739494389527, 33.2569801264688], [-114.704574647112, 33.2569297182908], [-114.717411265093, 33.0749819704635], [-114.695888562522, 33.0664626784874], [-114.695545237319, 33.0370246567454], [-114.678411893186, 33.0372180406523], [-114.678315251113, 33.0226696927972], [-114.573246404719, 33.0078950013034], [-114.573459228819, 33.0225555151736], [-114.539196022514, 33.0226655359486], [-114.53878122122, 32.9642546924632], [-114.50413221484, 32.9643646942498], [-114.503713599559, 32.8356772896766], [-114.735141788033, 32.8345290538004], [-114.733457934469, 32.7178202838944], [-116.078137343067, 32.6206929170812], [-117.204928895412, 32.5288367363726], [-117.223313905061, 32.6212427464604], [-117.276927914433, 32.6234787440173], [-117.320950926689, 32.6898517496572], [-117.342011941081, 32.8403587663583], [-117.323290942409, 32.9030687747098], [-117.375883964044, 33.0752217921761], [-117.435574981871, 33.1775168009742], [-117.549613010152, 33.2944228084846], [-117.611093023638, 33.3339968097683], [-117.713583046784, 33.4087818128616], [-117.741421051617, 33.4101228115165], [-117.816368070544, 33.4908768166896], [-118.049860120048, 33.620019818593], [-118.125912138911, 33.6971438230755], [-118.119522140991, 33.7370688278991], [-118.125912138912, 33.697155823077], [-118.237020157052, 33.6905998162202], [-118.274251161151, 33.6634338111392], [-118.319147168359, 33.6595518082366], [-118.466974198245, 33.7255288074024], [-118.485589203578, 33.7536688094804], [-118.484495207338, 33.8031588150011], [-118.447266204783, 33.8487648221042], [-118.55736823433, 33.9876778311822], [-118.727471261947, 33.9803118207817], [-118.824905275507, 33.949046811894], [-118.874010286389, 33.9833188128347], [-118.951733299959, 33.9928628094726], [-119.218005349272, 34.0624958018284]]]}}, {"type": "Feature", "properties": {"GACCAbbreviation": "RMCC", "DispUnitIDs": ["USCODRC", "USCOGJC", "USCOMTC", "USCONCC", "USCOPBC", "USSDGPC", "USWYCDC", "USWYCPC"]}, "geometry": {"type": "Polygon", "coordinates": [[[-108.25148872167, 36.8489600055022], [-108.537189982871, 36.8508653559003], [-108.536221556148, 36.9993552462931], [-109.045182710031, 36.9989827750352], [-109.04268792399091, 38.2137992452975], [-109.049916241476, 38.2109087775598], [-109.060168296064, 38.379478091805], [-108.998906614015, 38.3791810809383], [-108.998876140393, 38.4371595784736], [-108.8596320753194, 38.45412638708348], [-108.924178558136, 38.4520230345043], [-108.942241482428, 38.4741454671451], [-109.01605352893, 38.4813384130301], [-109.034380588463, 38.5321223983498], [-109.06000287556, 38.5469559845086], [-109.059987877196, 38.56166568041], [-109.03415400271, 38.5617202121924], [-109.034290084984, 38.5908061059407], [-109.059821742351, 38.5902548681125], [-109.052355414766, 39.0303219430731], [-109.073712738419, 39.0312079836847], [-109.089159513215, 39.0701296685517], [-109.071993920274, 39.0763053745466], [-109.075177656373, 39.1143671341614], [-109.05156774392, 39.1107555893684], [-109.051300185228, 39.5037523420743], [-109.05003836068458, 40.9992902143247], [-109.503320669625, 40.9990976770916], [-109.503346673502, 41.0278852225032], [-109.522663305598, 41.0276435839832], [-109.522619889496, 41.0566335444192], [-109.503482358407, 41.0566445718999], [-109.503721563106, 41.2015321439991], [-109.513343465123, 41.2305286406663], [-109.541799492221, 41.2305971064583], [-109.541744460191, 41.2450938351676], [-109.522588360098, 41.245133129665], [-109.522498842036, 41.2740364390708], [-109.503755967014, 41.2739703825251], [-109.503757305999, 41.2884404942263], [-109.446398027634, 41.3170500960681], [-109.451210148731, 41.3393425393132], [-109.407990287454, 41.3465831655425], [-109.422409933541, 41.375556963821], [-109.408012328453, 41.3755809429504], [-109.40780877041, 41.39008012267], [-109.42707887954, 41.3900305921553], [-109.427043586152, 41.4017499965339], [-109.396698429638, 41.4017670159129], [-109.406293837703, 41.4307173595595], [-109.382460179581, 41.4451491021222], [-109.382507140601, 41.4812591973535], [-109.42548515886, 41.4886196998378], [-109.406426793745, 41.4596773039452], [-109.425491398839, 41.4596679844471], [-109.425533901829, 41.4162224543504], [-109.459149560558, 41.4127127373034], [-109.465667139803, 41.3754211664191], [-109.446371633685, 41.3755699149471], [-109.446359777682, 41.3610650172447], [-109.48486903494, 41.3465561555287], [-109.484849027944, 41.3320835678309], [-109.522533471005, 41.3392600297264], [-109.551324239173, 41.317493750922], [-109.552506819655, 41.3482062274297], [-109.599265817425, 41.3754974289606], [-109.6034309575, 41.4057399791675], [-109.637101171216, 41.4166788057998], [-109.646997052265, 41.3728672129101], [-109.61371510702, 41.3719172054092], [-109.618521008548, 41.3465648150685], [-109.58014565384, 41.3284035579468], [-109.59933876146, 41.3030795294787], [-109.560920383245, 41.2885264147737], [-109.582536294901, 41.259599045691], [-109.637434178639, 41.2596680794149], [-109.618418491674, 41.1872219423926], [-109.599186541562, 41.1871837788845], [-109.612617241459, 41.1727198061385], [-109.596279823077, 41.1220101254364], [-109.579956335595, 41.1220348717057], [-109.579919962631, 41.1002250861357], [-109.599079940728, 41.1002739076565], [-109.599080582808, 41.0713052292382], [-109.619780357267, 41.0568164089255], [-109.599126408871, 41.0494832226576], [-109.58952440094, 41.0132602221175], [-109.670846110295, 41.0133939998506], [-109.660770982132, 40.9984134288602], [-110.278478241398, 40.9948241895802], [-110.264199021541, 41.0695712993624], [-110.297658688579, 41.0695567187519], [-110.297663860565, 41.0841313384384], [-110.369370782617, 41.0619779802815], [-110.460152051624, 41.0690388240094], [-110.469585932616, 41.0544799615948], [-110.545974446055, 41.0724118076902], [-110.546065448716, 40.996338803928], [-110.577415280264, 40.99630365048], [-110.57240682085, 41.030371160791], [-110.589189813847, 41.0266213090494], [-110.585590436971, 40.9962950558417], [-111.046826595071, 40.9978811299722], [-111.047045398645, 42.4469026696376], [-110.837543526796, 42.4471120830542], [-110.835018463328, 42.1871910548334], [-110.813343482788, 42.1872090566145], [-110.813534478987, 42.1612990537492], [-110.716945458758, 42.1615510616919], [-110.716327456278, 42.1456590599884], [-110.63895843905, 42.1458950663447], [-110.639538441454, 42.1613340680053], [-110.61850343609, 42.1617610697738], [-110.618603432616, 42.1313160663947], [-110.56164942059, 42.1310910710227], [-110.561390426976, 42.1747160758811], [-110.600414435217, 42.174845072702], [-110.600994437624, 42.1902870743631], [-110.541553425205, 42.19101207931], [-110.542623328282, 42.364595528399], [-110.427037891019, 42.3657532030467], [-110.426914823409, 42.4484566621844], [-110.474637993528, 42.4485671282545], [-110.479973310786, 42.8227658287271], [-110.450549495541, 42.8227646211933], [-110.450661550049, 42.8517295943316], [-110.430899105851, 42.8517286559893], [-110.430930602605, 42.8952045207082], [-110.391394496455, 42.9097160656054], [-110.391382458727, 42.9243363971937], [-110.352392060419, 42.9242744904644], [-110.391455535509, 42.9677347418942], [-110.391295756784, 43.0399729597264], [-110.33281145429, 43.0397682846414], [-110.332571767746, 43.1256210039445], [-110.19752267893, 43.1258682353968], [-110.197362301153, 43.1401834169615], [-110.167892734893, 43.1404906094872], [-110.167968066188, 43.1549362410468], [-110.128391468699, 43.1548709343874], [-110.128316393276, 43.1839559775479], [-110.0598854686, 43.1839845933424], [-110.049661709981, 43.2066063666639], [-109.989862129416, 43.2210638932967], [-109.979174332126, 43.0622650468886], [-109.891162042284, 43.0628140343505], [-109.880059582951, 43.0119106196979], [-109.899818617188, 43.0118161280298], [-109.909904426008, 42.9903085248225], [-109.831162467949, 42.9831536306344], [-109.841289666563, 42.8955743001325], [-109.811533260137, 42.8954414926017], [-109.791437321552, 42.9390592590971], [-109.762423426288, 42.9389989015149], [-109.752526637298, 42.8946291274347], [-109.683321161257, 42.8874279024056], [-109.683575943349, 42.8356521366361], [-109.52668677954, 42.8363237597453], [-109.526759296229, 42.814602667314], [-109.507197552007, 42.8146908789461], [-109.507452246508, 42.77833960486], [-109.480453260662, 42.7783495170965], [-109.480385951878, 42.7207471806454], [-109.421424896948, 42.7065408439172], [-109.421436894755, 42.6920579322873], [-109.363902132536, 42.6937652672223], [-109.363170059167, 42.6062691574096], [-109.246582193075, 42.6077422671462], [-109.246908459738, 42.5783856637896], [-109.188169276989, 42.5785550786204], [-109.188070153785, 42.5639899569726], [-109.05100490394, 42.5641103481951], [-109.050898349504, 42.5278666440641], [-109.012049209922, 42.5204559263855], [-109.012057425592, 42.4913574730532], [-108.811915802032, 42.4927483694966], [-108.970828936852, 42.4931133066118], [-108.914386669686, 42.5278652051948], [-108.885127933254, 42.5276592175546], [-108.88080206558, 42.5496242504282], [-108.97133248855, 42.5708492154735], [-108.991764009651, 42.6151645588668], [-109.013774824598, 42.6160877171709], [-109.052249869261, 42.6577480287651], [-109.093799565919, 42.6417377335366], [-109.11376569186, 42.6522777430969], [-109.147919440676, 42.7275684788294], [-109.132326438779, 42.7374914812367], [-109.195268457212, 42.7685434795607], [-109.23656646625, 42.7688284761854], [-109.213641465877, 42.7991844815012], [-109.247981474419, 42.8061624794499], [-109.278904487236, 42.8460154813743], [-109.319438498072, 42.8591994794962], [-109.370352522416, 42.9455804849367], [-109.397768527392, 42.9392044819435], [-109.502418561138, 43.0105174811573], [-109.55259057233, 43.0125444771898], [-109.548717575246, 43.0367184801926], [-109.570763581988, 43.0493424797453], [-109.553014581718, 43.0723084837728], [-109.570383589751, 43.0996584853404], [-109.621567605044, 43.1265304840089], [-109.630089612664, 43.1633544873476], [-109.651462617872, 43.1670424859548], [-109.676111630798, 43.2152664891744], [-109.673824635466, 43.2479774929539], [-109.692727642256, 43.2650364932253], [-109.672115644719, 43.3087454997505], [-109.700444655026, 43.3349965002196], [-109.694136658494, 43.3653625040679], [-109.758152173468, 43.3660686537124], [-109.786396262484, 43.3905323189743], [-109.787838225017, 43.4044254503613], [-109.765384910534, 43.4067714825255], [-109.767315106497, 43.4413974261223], [-109.80026651748, 43.4653919459174], [-109.898281372757, 43.4908054503025], [-109.945209789325, 43.4686916439082], [-109.956547077846, 43.4939906456674], [-109.939190337156, 43.5252987505243], [-109.954029383429, 43.5442836912975], [-110.062244743475, 43.5856884164615], [-110.063434935964, 43.5994251378298], [-110.028835621596, 43.6183956328332], [-110.057613709466, 43.6286304614543], [-110.065372806012, 43.6585033639787], [-110.024052000192, 43.6774090095562], [-110.040912863783, 43.6771265980739], [-110.045933110822, 43.713511301524], [-110.08134878247, 43.7379482510708], [-110.080868124873, 43.7531994127351], [-110.043682507167, 43.7551143461516], [-110.028477071013, 43.7984074020736], [-109.962467145212, 43.7890691267862], [-109.923420289773, 43.807329992108], [-109.881267870375, 43.8056858555748], [-109.887707085101, 43.8258923071754], [-109.857403128889, 43.8280438000246], [-109.855177771743, 43.8482615423754], [-109.813796764998, 43.8617675473965], [-109.831919770587, 43.8717925468987], [-109.81759576938, 43.8832835493646], [-109.859286781321, 43.9007655476173], [-109.851874783999, 43.9266005510106], [-109.873624789312, 43.9301855495052], [-109.858752074701, 43.9579442927475], [-109.788830145915, 44.0203350864546], [-109.749378537421, 44.0208653299411], [-109.723217346068, 44.0468548749807], [-109.722706178874, 44.064288036879], [-109.766453144179, 44.0987652767287], [-109.751545700118, 44.153377568816], [-109.780681986489, 44.2127369975434], [-109.883877208743, 44.2704533645707], [-109.957554288234, 44.2908810602366], [-109.963276345029, 44.3234051731362], [-110.027162648361, 44.320277547181], [-110.071512681714, 44.3421098855465], [-110.074517242003, 44.3982495011223], [-110.001176496825, 44.4605882740901], [-110.00116333434, 44.5040804086075], [-110.122404905327, 44.4732790246635], [-110.172320948314, 44.5434315474754], [-110.079907133857, 44.5755386990092], [-110.064281415741, 44.6058223035255], [-110.033650819435, 44.6078358364605], [-110.024619520973, 44.6278976493358], [-110.009334245638, 44.6163869195085], [-109.907732627259, 44.6378768107742], [-109.826453290467, 44.7005110444967], [-109.834976376382, 44.723626396129], [-109.860587182182, 44.7247849139644], [-109.95787413686, 44.8011076731339], [-109.958985209848, 44.8166465846306], [-109.928112486726, 44.8370841594958], [-109.940101152572, 44.8553082702916], [-109.927183523373, 44.9319573293057], [-109.969857829982, 44.9727687796359], [-110.000753016934, 44.9739157569693], [-110.000752532206, 45.0033632799699], [-108.280333619167, 45.0002168032999], [-108.281444734269, 45.0561895871871], [-108.301761823879, 45.0958968576235], [-108.291584411552, 45.1465755959255], [-108.209759391011, 45.1466170841971], [-108.194111057904, 45.1829330084593], [-108.17365664626, 45.1829368242771], [-108.173543656916, 45.2205040192907], [-108.234800018793, 45.2203238308208], [-108.235134421046, 45.2717316142512], [-108.036274377046, 45.3010436900876], [-108.030208764819, 45.3298561036974], [-107.95023743325, 45.3336860682295], [-107.950115362923, 45.3208306448682], [-107.919529357629, 45.3191216474074], [-107.880146173033, 45.3549530127407], [-107.841152346755, 45.3585696585982], [-107.815693348786, 45.4024266655526], [-107.760394343963, 45.446158675153], [-107.752521340559, 45.4372856749069], [-107.800334345602, 45.4043026671214], [-107.833278343512, 45.3505236584382], [-107.86890807148, 45.3494712931553], [-107.868892809571, 45.3332321264204], [-107.919742361729, 45.3082152942229], [-107.919864347553, 45.2622136412904], [-107.971988359421, 45.2620306366408], [-107.958843375904, 45.2422744676947], [-108.01113536948, 45.2683666338382], [-108.012554366347, 45.2489726316404], [-108.063594377505, 45.2463216268206], [-108.068515942003, 45.2147285240099], [-108.12681923059, 45.1996676802229], [-108.124263935441, 45.1795798953052], [-108.167529385223, 45.1567566080276], [-108.154789143438, 45.1404372804148], [-108.177265202265, 45.1275776150473], [-108.164867378266, 45.1208836044311], [-108.178638380643, 45.1166486027575], [-108.170215376283, 45.1027936020225], [-108.213741478705, 45.0889159676821], [-108.229412203996, 45.0590926521051], [-108.216358353419, 45.0442191556687], [-108.236911933722, 45.0422086626349], [-108.231349376303, 45.0242565882051], [-108.108398201238, 45.0004231985071], [-107.298556081011, 45.0009487886631], [-107.259852288339, 44.9620259797565], [-107.297878394855, 45.0009488897223], [-105.0766118715, 44.9999330809116], [-104.039704619666, 44.9980771680722], [-104.040014655706, 45.2128981935608], [-102.957291387677, 45.2128582840802], [-102.94208050848, 45.9450073730225], [-102.818005477241, 45.9451383835612], [-102.818385089363, 45.8183972614719], [-102.570139787687, 45.8182942863731], [-102.571352847083, 45.7313458788451], [-102.701807895896, 45.7306630388125], [-102.702273154554, 45.6460263386227], [-102.582362051171, 45.6451794865603], [-102.582903721575, 45.5582771360331], [-102.333712375591, 45.5582272867757], [-102.333178323158, 45.5861279872073], [-102.31234244085, 45.5859525129189], [-102.312114049416, 45.6015001628248], [-102.332949443725, 45.6016766951126], [-102.332850062128, 45.6455881664422], [-102.000452999339, 45.6437372568483], [-102.000626988928, 45.8180141650252], [-102.321926088764, 45.8181911891943], [-102.321025103401, 45.9046931996673], [-102.445307617056, 45.905257959285], [-102.444522761716, 45.9449261010955], [-101.998743269135, 45.9446604525009], [-101.99833728778, 46.0532814656184], [-101.963261278072, 46.0490674680563], [-101.937800274555, 46.0664114722801], [-101.911810265716, 46.053820472945], [-101.849365253073, 46.0732824805261], [-101.842653247361, 46.0502094783065], [-101.860338251526, 46.0480664765664], [-101.841853243483, 46.0289384758065], [-101.828173241527, 46.0379424780388], [-101.798754231614, 46.0242364788451], [-101.755572223681, 46.0425244846676], [-101.756800221629, 46.0287934829045], [-101.728927215733, 46.0361324861224], [-101.677688198321, 46.0114854874171], [-101.644958190598, 46.0155224906377], [-101.635592192011, 46.0377504941146], [-101.591117175647, 46.0091474943534], [-101.575284174388, 46.0255564976659], [-101.554063165698, 46.0067744971522], [-101.527333160468, 46.0164355005529], [-101.535165164927, 46.0306505016283], [-101.496892153845, 46.023575503956], [-101.483752152865, 46.0376115067572], [-101.498290157128, 46.0405975059095], [-101.47481115432, 46.0595055101639], [-101.430735141821, 46.0529765130406], [-101.397797137461, 46.0771235187209], [-101.36416512753, 46.0699185206432], [-101.312361117913, 46.0919375276351], [-101.319161121122, 46.1003695280963], [-101.29471711744, 46.1157475320031], [-101.311457123369, 46.1250105317369], [-101.302201122377, 46.1331625334996], [-101.228151104019, 46.1379755402496], [-101.212946103201, 46.1561225437254], [-101.190382095924, 46.1478545445954], [-101.198083104115, 46.1837775483298], [-101.101609086481, 46.226778561598], [-101.116838093254, 46.2430435623093], [-101.091349089226, 46.2580625662603], [-101.096235093055, 46.2728245676484], [-101.024786075365, 46.2780785742414], [-100.997240072797, 46.3046685797726], [-101.016711080603, 46.3203995800631], [-100.97301807018, 46.3259775843838], [-100.918960068076, 46.3949905972826], [-100.881952060941, 46.4095356021378], [-100.881872057487, 46.3898365997496], [-100.856985053322, 46.4032766034593], [-100.810513037898, 46.384498605046], [-100.737829021847, 46.401626613184], [-100.720514013511, 46.3797526119558], [-100.681868009025, 46.4122426191345], [-100.609909990954, 46.4169016256851], [-100.600209990562, 46.4293016280059], [-100.581508983513, 46.4170016280565], [-100.550308965029, 46.357601623373], [-100.5506089596, 46.3257006194353], [-100.581709959424, 46.2773016109189], [-100.557609946972, 46.2416016085206], [-100.62902494729, 46.134058589378], [-100.609813930028, 46.0621035820691], [-100.521894894737, 45.989427580271], [-100.511958884445, 45.943719575399], [-97.4795440717298, 45.9351418160698], [-97.5091033332717, 46.031730848486], [-96.7702620230192, 45.9357792288815], [-96.5636808198467, 45.9352528866182], [-96.5836928072595, 45.8193148695265], [-96.662603816513, 45.7386898526703], [-96.8386568508669, 45.6475168269972], [-96.8568428493556, 45.6053858199364], [-96.763440810567, 45.5200148154849], [-96.6925497754234, 45.4173458069016], [-96.5217957221419, 45.3756528140559], [-96.4890737103296, 45.3570788139699], [-96.4531056919532, 45.3007588089475], [-96.4532684373358, 43.5003975547465], [-96.5991994768131, 43.5004635444495], [-96.5810924693875, 43.4814695429767], [-96.6030644712401, 43.4508005369769], [-96.5217424407922, 43.3868695334184], [-96.5301534316083, 43.3000075201689], [-96.5892824469421, 43.2952725153283], [-96.5853494424106, 43.2688765117543], [-96.5492034298728, 43.2476335111864], [-96.5691864333068, 43.2327075076059], [-96.4766624069335, 43.2219485125061], [-96.4685073955989, 43.1518945028086], [-96.4364803828359, 43.1201735003821], [-96.4623283862738, 43.0928924945741], [-96.460750382154, 43.0643444904856], [-96.5213103952878, 43.0396674826459], [-96.4919893835863, 43.010204480346], [-96.5208463875106, 42.9803214739413], [-96.4989713787259, 42.957809472139], [-96.5412913857701, 42.9239344642096], [-96.5429383836281, 42.9037634611185], [-96.5252953773654, 42.8919174605897], [-96.5434933812189, 42.8837724581278], [-96.5503303771529, 42.8375384508211], [-96.5814783855499, 42.8377334486981], [-96.5952223835304, 42.7929034411178], [-96.6363903916383, 42.7697474348498], [-96.6192703851211, 42.7546164337904], [-96.6394763882861, 42.7368284297626], [-96.6244223827751, 42.7252194290796], [-96.630162381811, 42.7054454257526], [-96.5751883641929, 42.6827644261674], [-96.5784073636791, 42.6718474243245], [-96.5423733526319, 42.6609414251776], [-96.5156693415339, 42.6297184223624], [-96.5313433437232, 42.6136494188955], [-96.5094613377314, 42.6127114202544], [-96.4858053266579, 42.5750274162535], [-96.4985523279655, 42.5581234128595], [-96.4769683219037, 42.5559794140138], [-96.4937303215067, 42.5167494070089], [-96.4764693135612, 42.4901354042057], [-96.3860112873343, 42.4745034080212], [-96.3807132824284, 42.4464004041663], [-96.4151942864674, 42.4042103954931], [-96.4177942806596, 42.35145638739], [-96.3289052449542, 42.254730378819], [-96.3237312405362, 42.2298943754154], [-96.3598782478755, 42.21056037006], [-96.3496962402988, 42.170709364718], [-96.2694672119428, 42.1142233615399], [-96.2725532045722, 42.0462093510006], [-96.2238301899623, 42.0333533522977], [-96.2364961889319, 41.9964363458303], [-96.1945641791516, 42.0086693504889], [-96.1872271735081, 41.9779533462933], [-96.1295131572726, 41.971680349174], [-96.1445911577263, 41.9415513435689], [-96.1367511531565, 41.9208333409216], [-96.1617641576058, 41.9018273363551], [-96.110556137632, 41.8492063316883], [-96.1065731330669, 41.8196203274132], [-96.0647981188892, 41.7944133262998], [-96.1063621234064, 41.7380533148949], [-96.0732331105423, 41.7040693118436], [-96.1226121213129, 41.6830473053587], [-96.0961241108792, 41.6544793026962], [-96.118241112001, 41.6132982948917], [-96.0822930985846, 41.5806902922105], [-96.0919160957543, 41.5340562843685], [-96.0406210788831, 41.506900283512], [-96.0266650790135, 41.5403732896091], [-96.0051200735747, 41.5432572914625], [-95.9927850669592, 41.5146032878258], [-96.0195510714758, 41.4915992825133], [-96.0135930683683, 41.4784762808655], [-95.9199970403171, 41.4526112829352], [-95.9377020384363, 41.3947772727854], [-95.9296890331242, 41.3670652689869], [-95.9571450380637, 41.3459092639111], [-95.8722770104613, 41.3030772627111], [-95.8760590095085, 41.2857462597577], [-95.9028480153951, 41.2743812562527], [-95.9059070192392, 41.3010452602224], [-95.9276500247663, 41.2984472584123], [-95.9106370129758, 41.2345862495256], [-95.9279830137204, 41.200076243006], [-95.916127008881, 41.1852862414518], [-95.8421959882076, 41.1774282449698], [-95.882547996588, 41.1558882389994], [-95.8624349837856, 41.0896942298906], [-95.8823499857305, 41.0594262238554], [-95.8596619770173, 41.0357022215711], [-95.866958975117, 41.0010922156521], [-95.8297999625449, 40.9773512142764], [-95.8397509602703, 40.932787206606], [-95.8093869477922, 40.8932862022896], [-95.847792954867, 40.8643351952708], [-95.8348889421887, 40.780217182758], [-95.8815369514038, 40.7506181751126], [-95.8853569492003, 40.7211001701856], [-95.8544639391137, 40.7041711694452], [-95.8423239329386, 40.6771781659177], [-95.7838299149183, 40.6549811660639], [-95.7496929005981, 40.6068491605308], [-95.7747119036883, 40.5735811536508], [-95.7628648956647, 40.5283781471676], [-95.7085988804498, 40.5215581494673], [-95.6787228768739, 40.5625681578977], [-95.6558558690511, 40.5466161567733], [-95.6616888674682, 40.5173191517164], [-95.6999768764037, 40.5052821473989], [-95.694658871366, 40.4714591423097], [-95.6565828577072, 40.4387081394243], [-95.660609855984, 40.4124161349504], [-95.6226918384301, 40.342330126026], [-95.6573358443495, 40.3108631188118], [-95.5621648175247, 40.2973661225174], [-95.5524808112099, 40.2619111173881], [-95.4787017895878, 40.2436681189809], [-95.479200783656, 40.185659109553], [-95.3933547538057, 40.1192191040233], [-95.4213477552328, 40.0607530928007], [-95.4151137514609, 40.0403480898578], [-95.3487847326008, 40.0293040920972], [-95.3082977187648, 40.0000050897763], [-95.3448567239003, 40.01674978647401], [-95.2502616979836, 39.9486510848983], [-95.2052736850394, 39.9397570861642], [-95.2017576804923, 39.9043840805778], [-95.1496646667105, 39.9059550839804], [-95.1370996605419, 39.8783580802062], [-95.0877876457336, 39.8625470805765], [-95.0352536320002, 39.8659280842927], [-95.0131326295432, 39.9001990912625], [-94.9301676062449, 39.8899410945623], [-94.9406066053138, 39.8530250878515], [-94.8848335882669, 39.8324250877957], [-94.8759515839572, 39.8133010851689], [-94.8846595843547, 39.7940040814594], [-94.9282375955391, 39.7889450780173], [-94.9345805956352, 39.7729680749983], [-94.9109565879157, 39.7591850741319], [-94.8696625782114, 39.7729060788674], [-94.862742573278, 39.7422020741997], [-94.8993235812765, 39.724049069013], [-94.9639656002431, 39.7403680678541], [-94.9706845967283, 39.6872460586658], [-95.0276516098093, 39.6654610516637], [-95.0542746131739, 39.6277520438353], [-95.0505976081935, 39.5875700373972], [-95.1049556216395, 39.576611032348], [-95.1103756199083, 39.5445690267153], [-95.0544666008193, 39.5026600230777], [-95.0375075924444, 39.463696017605], [-94.9821515753682, 39.4405590170249], [-94.9420465596391, 39.3895060108774], [-94.8850335444122, 39.3898080142823], [-94.8813675415357, 39.3703900112538], [-94.9100245474652, 39.3525500065888], [-94.9061335437433, 39.3147280004932], [-94.8841005339171, 39.2845189967278], [-94.8305605167474, 39.2551419949355], [-94.8316865132654, 39.2159449882919], [-94.7829584993785, 39.2071689896582], [-94.7407844845144, 39.1699939858599], [-94.6782474691209, 39.1841759918816], [-94.6557944603736, 39.1556869883846], [-94.5886654419413, 39.1511699915137], [-94.6085264439352, 39.1162509844688], [-94.6179712591435, 36.9989116168157], [-106.698093795746, 36.9928705933171], [-108.2508683432, 36.9997210713301], [-108.25148872167, 36.8489600055022]]]}}, {"type": "Feature", "properties": {"GACCAbbreviation": "SACC", "DispUnitIDs": ["USALAIC", "USARAOC", "USFLFIC", "USGAGIC", "USKYKIC", "USLALIC", "USMSMIC", "USNCNCC", "USPRCIC", "USSCSCC", "USTNTNC", "USTXTIC", "USVAVIC"]}, "geometry": {"type": "Polygon", "coordinates": [[[-88.8234352614411, 29.7149974013781], [-89.0388793114843, 29.4922343452614], [-89.1194563321849, 29.4580703351869], [-89.1420783372279, 29.429470328141], [-89.1376173340769, 29.3814343176114], [-89.0772333143327, 29.3011103015982], [-88.9420592754027, 29.2537472951591], [-88.9088172645691, 29.2102312864526], [-88.9217182647696, 29.1249762670083], [-88.9969072838393, 29.0853092558783], [-89.0126932859304, 29.0276852425132], [-89.1148553100051, 28.9263732167867], [-89.1853373294463, 28.9304832156142], [-89.2349083451839, 28.9871572268122], [-89.2796093570406, 28.9777882233843], [-89.4009983856913, 28.8606361935929], [-89.4624834025817, 28.8636541924455], [-89.4928634125661, 28.9079652014376], [-89.4657414077318, 28.9744422170761], [-89.4686784137116, 29.1074662466146], [-89.5204744303858, 29.1721922594317], [-89.6104324559556, 29.1986402625631], [-90.0323305681678, 29.1350492356245], [-90.1626676002084, 29.0512542131417], [-90.3443246475006, 29.0031831970195], [-90.4093856647842, 28.9953451933203], [-90.5525527050816, 29.036811198115], [-90.7468637555786, 28.9886001816036], [-90.9321108056551, 28.9943241772291], [-90.9934588229582, 29.0149751798876], [-91.0207618315234, 29.0460701858648], [-91.0120748309555, 29.0905431958653], [-90.9603778178793, 29.111069201945], [-90.9749308222078, 29.121514203783], [-91.1033088573665, 29.1383822035152], [-91.159822873738, 29.1684272083271], [-91.292686910479, 29.1961822102568], [-91.4211339492036, 29.3028332294273], [-91.6440500117809, 29.375560238156], [-91.7121990293575, 29.3606312327754], [-91.7774960482396, 29.396089238362], [-91.8327740615913, 29.362567229379], [-91.8769180733582, 29.3626942280086], [-91.9063540822198, 29.3874092324017], [-91.9132130854063, 29.420212239248], [-92.0227601166637, 29.4706412465967], [-92.0780561339209, 29.5314942578833], [-92.1466721521811, 29.5320422557924], [-92.2316631730637, 29.4918992444592], [-92.2936761890815, 29.4815012402405], [-92.6249802787766, 29.5283332395619], [-93.0291143917571, 29.6778602581146], [-93.2408214495559, 29.7273032615658], [-93.2873604616451, 29.7243362594006], [-93.3393004740041, 29.6950902515248], [-93.3872524873896, 29.7137762538712], [-93.4877605139002, 29.7178162513904], [-93.7226795740323, 29.6878722373186], [-93.7701535856862, 29.6708302321743], [-93.7703665837093, 29.6239292223374], [-93.8143575940062, 29.5965812151527], [-93.875012610896, 29.6214312183586], [-94.0335716523451, 29.6250072138638], [-94.6251987959541, 29.3976671469832], [-94.6503178018094, 29.3828251430725], [-94.6239047933032, 29.3431481356677], [-94.6503667979706, 29.291895124123], [-94.7133178138227, 29.2825261201307], [-94.7726928269992, 29.2317231076227], [-95.0864049009024, 29.0682450635022], [-95.1065349038727, 29.0149400517603], [-95.3298539535223, 28.828704005914], [-95.4200779756689, 28.8056299982849], [-95.7778520597108, 28.62527094965], [-96.1993821594934, 28.4422828987463], [-96.2581981730351, 28.4078768898265], [-96.2823141778592, 28.3750068822814], [-96.3207691871091, 28.3628728786032], [-96.3752591980976, 28.2907648620115], [-96.5310072347224, 28.2211688429224], [-96.7306922800591, 28.0912728100895], [-96.9385533251603, 27.9012037646431], [-96.9842883330583, 27.8037877431334], [-97.0502283476267, 27.7503127301562], [-97.1998233761239, 27.5003236740422], [-97.2883443905154, 27.2775886252603], [-97.3198313927178, 27.1100275894603], [-97.3232263902599, 27.0102605685176], [-97.3004303788681, 26.8346175323109], [-97.1252553170686, 26.2482894128705], [-97.1083083086224, 26.1045143826884], [-97.0899963032038, 26.0753443769046], [-97.0911283005768, 25.9738443552234], [-97.1466613143633, 25.9709733533197], [-97.1566133162241, 25.9490243484052], [-97.1755913214305, 25.9655773514964], [-97.2480403390053, 25.9481013460893], [-97.2844533483952, 25.959160347601], [-97.2767033457886, 25.9353433427066], [-97.3025483522822, 25.9372343425114], [-97.3260103575741, 25.9176933378067], [-97.3482813635003, 25.9311473401571], [-97.3746073694127, 25.9084353347139], [-97.356617364359, 25.8879953307755], [-97.3740433684658, 25.8797683286225], [-97.3567003638005, 25.8673583263768], [-97.3761773683303, 25.8559813235063], [-97.3641063651895, 25.8511123227451], [-97.3728603670618, 25.8401283202039], [-97.4061733752903, 25.8379193189721], [-97.4093303767544, 25.862203324072], [-97.4251703800921, 25.8406453191186], [-97.4539923876356, 25.8540923213222], [-97.4446603856889, 25.8674443243777], [-97.4556083888744, 25.8839533276389], [-97.4966943989674, 25.8796843257869], [-97.4982113998888, 25.8990433298673], [-97.5208194051393, 25.8860043265757], [-97.5374544105325, 25.930722335691], [-97.5829354218906, 25.9330173351258], [-97.567964418722, 25.9523543395751], [-97.5782434209817, 25.9420533371515], [-97.5823804225883, 25.9624733413868], [-97.6025984274719, 25.9577393399134], [-97.6344434362997, 25.9902723460667], [-97.6182894326299, 26.0020963489482], [-97.6493844405946, 26.0108663500786], [-97.6405854388035, 26.0245193531747], [-97.6681374454906, 26.0194333514531], [-97.6625054446274, 26.0380093555155], [-97.6933404521093, 26.0323413535933], [-97.6913764512394, 26.0189943508162], [-97.7073034557259, 26.0377603544116], [-97.7371104626444, 26.0214973502748], [-97.763432469317, 26.0268233507837], [-97.7680724710555, 26.0473253550058], [-97.7768234727085, 26.0294563510261], [-97.7929624768503, 26.0345403517214], [-97.8013244796582, 26.0601653569347], [-97.8133964821861, 26.0442033532818], [-97.818061483692, 26.0564013557465], [-97.8605114940939, 26.0529223540139], [-97.8617834949, 26.0699503575747], [-97.8690684963266, 26.056959354664], [-97.9339315125881, 26.0648383547972], [-97.9342545123214, 26.05283035226], [-97.9673425204653, 26.0517873512621], [-97.9813465243694, 26.0672313541838], [-98.0119855316181, 26.0562963511609], [-98.0278085358282, 26.0668533530092], [-98.0392465379132, 26.0412793473602], [-98.0745935464908, 26.0363423454917], [-98.0819025492971, 26.0711453526363], [-98.094439552027, 26.0586293497105], [-98.1318365616948, 26.0741743520946], [-98.1465135645934, 26.0493073465266], [-98.1771465728853, 26.0751243512248], [-98.1939925764042, 26.0533283462538], [-98.2882536010884, 26.1047113547995], [-98.2662655961461, 26.1207263586747], [-98.2962026034976, 26.1203253578799], [-98.3059786054172, 26.1036863541649], [-98.3352116135923, 26.1376213605713], [-98.335627614523, 26.1659243664792], [-98.3523486181986, 26.1511243629864], [-98.3606526208671, 26.1725483672655], [-98.3867016268357, 26.1578763635779], [-98.4440796421876, 26.2008993711855], [-98.4452296431694, 26.2245753760952], [-98.481589651937, 26.2193833741378], [-98.4816166514091, 26.2012833703645], [-98.5545846706637, 26.247384378209], [-98.5459296682375, 26.2371013762779], [-98.5629666720514, 26.2249123733303], [-98.5875526790513, 26.2578203795829], [-98.6164946858106, 26.2467653765849], [-98.6234746879032, 26.2596703790985], [-98.634187690019, 26.2426163752953], [-98.6711716989146, 26.2373713733128], [-98.681097702099, 26.2628073783556], [-98.719420711755, 26.2723083793993], [-98.7018077078616, 26.286167382702], [-98.7509807201876, 26.2963253836138], [-98.7542237213279, 26.3079323859406], [-98.7361687169528, 26.3092033866437], [-98.7511347212833, 26.3315883909176], [-98.7889627304918, 26.3304373897552], [-98.8073557361605, 26.3694253973737], [-98.8967417574911, 26.3533343918547], [-98.9258867658412, 26.3943613996116], [-98.9421597690607, 26.369691394119], [-98.9573257735646, 26.3963123992396], [-99.010647786429, 26.3921393970655], [-99.0349557929953, 26.4134184008508], [-99.0836358043572, 26.3974453963602], [-99.1135538127041, 26.4325344028417], [-99.0919838086783, 26.4723804115713], [-99.1048588126725, 26.5003874170069], [-99.1712378300981, 26.541969423881], [-99.2089148450016, 26.7247654603499], [-99.2400308532313, 26.7458554638576], [-99.2686208633052, 26.8432174829765], [-99.328626879013, 26.8785964886119], [-99.3246918792793, 26.9159774963183], [-99.3882608956169, 26.9442215003816], [-99.3784428944178, 26.9800385079119], [-99.4154839046251, 27.0172445144736], [-99.4456689120857, 27.0217605145844], [-99.4523239150604, 27.0626735226915], [-99.4292169104128, 27.0909865290423], [-99.4421329140739, 27.1068605319069], [-99.426355912597, 27.1762665463675], [-99.4415529187895, 27.2499195608278], [-99.4614839242424, 27.2681795639653], [-99.4890669306894, 27.2614815618582], [-99.492027932755, 27.3006705696749], [-99.5380429444511, 27.3169655716874], [-99.5045829371108, 27.3387455769958], [-99.487528935522, 27.4115765921225], [-99.49511193876, 27.45152259994], [-99.479258935879, 27.4786396058328], [-99.4968339408929, 27.50011060965], [-99.5283999484761, 27.4985546084483], [-99.5121399470238, 27.5682926228949], [-99.554952959037, 27.6144606309242], [-99.5848509658871, 27.6039076279592], [-99.5776439646732, 27.6186016311051], [-99.5962389699349, 27.6398626348258], [-99.6243189768707, 27.6440056348499], [-99.6389369797802, 27.6267626309855], [-99.6661159866811, 27.636092632072], [-99.6689499882289, 27.6599786367606], [-99.7115189984469, 27.6583696352176], [-99.770748015419, 27.7321386482119], [-99.7963500217178, 27.7355906481577], [-99.8131260271699, 27.77400165531], [-99.8387990329954, 27.7641856526126], [-99.850885037003, 27.7939786581797], [-99.8767690433795, 27.7978496581935], [-99.8772080451253, 27.8421846669777], [-99.9043930529009, 27.8752886727421], [-99.8934640511626, 27.8992126778037], [-99.9371500632257, 27.9405416846932], [-99.9318190634659, 27.9809726928466], [-99.9914550783243, 27.9945646937554], [-100.017921087356, 28.0647927068179], [-100.053130096579, 28.0847357096881], [-100.084336106384, 28.1448237205692], [-100.208066137835, 28.190387725755], [-100.220296142395, 28.2322147335784], [-100.251644150062, 28.2361847333959], [-100.291405161121, 28.2754017398475], [-100.286484161394, 28.3122997472106], [-100.344410178326, 28.389666760513], [-100.337806178875, 28.4429647711038], [-100.368296187546, 28.4772007768116], [-100.333822180184, 28.499256782187], [-100.388270193843, 28.5148677835068], [-100.411277200797, 28.5507097897417], [-100.398470199137, 28.5851737968374], [-100.447328211805, 28.6093297999679], [-100.447099213098, 28.6422018063445], [-100.500362226636, 28.6619648084659], [-100.507621231623, 28.7406038234342], [-100.533416238557, 28.7592118261935], [-100.535446240963, 28.8051998349999], [-100.547332244666, 28.8258218385888], [-100.574736251331, 28.8287928382685], [-100.60109826068, 28.9012928513599], [-100.640576270643, 28.9142168525472], [-100.629714268348, 28.9211508542366], [-100.651520274495, 28.9434368577985], [-100.646048275094, 28.9879858665287], [-100.675208286906, 29.1007458871616], [-100.772612313054, 29.1683738968106], [-100.767067312914, 29.1952919021325], [-100.813967327066, 29.2631419134683], [-100.87605734256, 29.2795899144816], [-100.886850346381, 29.3078529194829], [-101.00998437832, 29.3682719267158], [-101.060159394296, 29.4586659420726], [-101.146806415532, 29.4741919419905], [-101.17383242377, 29.5145729486555], [-101.254903443213, 29.5203459469084], [-101.26118444545, 29.5367809497775], [-101.241038441982, 29.5650329557921], [-101.25039144692, 29.6241759665669], [-101.269110451622, 29.6301329670234], [-101.290970454086, 29.5715419552606], [-101.305541457823, 29.5779299559471], [-101.30252446046, 29.6504299696467], [-101.346025471285, 29.6622459703186], [-101.361320474331, 29.6500679674972], [-101.372781479334, 29.6994329763252], [-101.415592491643, 29.7465389835987], [-101.402327489671, 29.7711949886749], [-101.448889499693, 29.7507039831855], [-101.460914504362, 29.7896679900194], [-101.536006520611, 29.7589549816057], [-101.544777525173, 29.8118729911398], [-101.567757529963, 29.7987319878691], [-101.575815530472, 29.7693239821094], [-101.626908542562, 29.7707669805453], [-101.644575545938, 29.7542379768394], [-101.661732550754, 29.7708619793135], [-101.708881561399, 29.7616469759106], [-101.773833577925, 29.7886799785923], [-101.805122584872, 29.7803549759243], [-101.803621585613, 29.8034509802566], [-101.817785589323, 29.8116399812623], [-101.823664589554, 29.7874029765629], [-101.852728597334, 29.8077959792909], [-101.929331614084, 29.7825809718679], [-101.935614616359, 29.7995659747808], [-101.957523621307, 29.7957709732899], [-101.976272626656, 29.8160449763571], [-101.987313628328, 29.7968469724146], [-102.035826640014, 29.804067971997], [-102.049660642356, 29.7852809680328], [-102.073195647914, 29.7865289674147], [-102.143574665142, 29.8033249679696], [-102.179972674729, 29.8263799708952], [-102.187035677439, 29.8486609747353], [-102.223536685561, 29.8405349719183], [-102.246466692032, 29.8641329754187], [-102.261503695014, 29.8532459728743], [-102.264850696476, 29.8675009753684], [-102.315948708972, 29.8799979758004], [-102.364565718624, 29.8453399676817], [-102.387235719901, 29.7613969514723], [-102.487260744329, 29.7865899524772], [-102.517624751232, 29.7835849508295], [-102.513511749416, 29.7654439476589], [-102.547986756427, 29.7446489426103], [-102.567671762261, 29.7714679468049], [-102.573804762897, 29.7549009435545], [-102.630418775031, 29.7341859377272], [-102.674005785613, 29.7445789380543], [-102.691381788535, 29.7213769331923], [-102.693652786954, 29.6766899249486], [-102.741957796083, 29.6331979152731], [-102.740551794091, 29.5975039087988], [-102.768310800398, 29.5952139073921], [-102.771236798898, 29.5484018987288], [-102.808328806284, 29.5229348927575], [-102.800681802825, 29.4862398863136], [-102.825645807286, 29.4579498802563], [-102.833451806916, 29.4105028712935], [-102.812389801601, 29.4005298702026], [-102.845026807943, 29.3744458642818], [-102.839383805937, 29.3589268616335], [-102.884373815812, 29.3479508580552], [-102.906392816923, 29.2600878411808], [-102.871757808121, 29.2417808390143], [-102.867482806335, 29.2238878358743], [-102.895109812016, 29.2085258321027], [-102.912332816471, 29.2194228335123], [-102.917831816465, 29.1908918280838], [-102.943386822373, 29.1914148273037], [-102.95089482331, 29.1736248237798], [-102.995626833856, 29.1792958232888], [-103.033887839186, 29.100976807608], [-103.075832848409, 29.0915418044502], [-103.085908849062, 29.0537407971698], [-103.100634852732, 29.0603277978801], [-103.116822853132, 28.9844207833943], [-103.163943863413, 28.9722087795671], [-103.227896878929, 28.9918617810217], [-103.250424883593, 28.9804347781685], [-103.267342888148, 28.9960767804652], [-103.286994891868, 28.9781767765243], [-103.286949892864, 29.0012777807568], [-103.316170899963, 29.0106937814944], [-103.307665898622, 29.0245417843154], [-103.33875990555, 29.0202817824852], [-103.330621904694, 29.0432237869553], [-103.344342907952, 29.0459547869896], [-103.359611910247, 29.0186487814819], [-103.386513916529, 29.0216527811214], [-103.388652917557, 29.0339787833007], [-103.432103927896, 29.0433607835416], [-103.44993893326, 29.0727187882908], [-103.471358937886, 29.0667317864714], [-103.469944938383, 29.0853217899071], [-103.553700960711, 29.1580008002671], [-103.650594982715, 29.1564847966668], [-103.659627985399, 29.1705737989109], [-103.718569999265, 29.1808307987414], [-103.758558010691, 29.2329438067866], [-103.777156014358, 29.2205138038973], [-103.783635017848, 29.2653288117663], [-103.799373021111, 29.2584418099769], [-103.813526025029, 29.2740368122991], [-103.975817062833, 29.2962538106495], [-104.037506077861, 29.3197118127086], [-104.106588095929, 29.3733178198949], [-104.167452110659, 29.394748821586], [-104.217714124853, 29.4565638308461], [-104.210053124316, 29.4822478356984], [-104.230707128809, 29.478673834327], [-104.237143131139, 29.4975608374636], [-104.315485150436, 29.5327588409317], [-104.338210154966, 29.520186837885], [-104.476000191022, 29.6279838520489], [-104.508471198538, 29.63270185171], [-104.544108208817, 29.6806978588954], [-104.530219206165, 29.6904688611243], [-104.560444215086, 29.7351928679103], [-104.549857212984, 29.7408998693026], [-104.569950218054, 29.75260187063], [-104.565938218061, 29.7714728741], [-104.683281252023, 29.929111897449], [-104.673189251033, 29.9549739023533], [-104.685262253824, 29.9567359022114], [-104.680161253679, 29.9770079059493], [-104.693136256513, 29.9755349052068], [-104.689558257667, 30.015109912261], [-104.707273263358, 30.0498719176688], [-104.684974260129, 30.0853059246958], [-104.696715265219, 30.1344619328277], [-104.686341264847, 30.1732859399891], [-104.706264272422, 30.2348169499428], [-104.763185287201, 30.2748409547173], [-104.766699289579, 30.3060049599916], [-104.811587300995, 30.3328159629091], [-104.816432304258, 30.3751919700608], [-104.85930531462, 30.3902579710037], [-104.847840313585, 30.4197799765532], [-104.868056319226, 30.4414119795027], [-104.866641321676, 30.4945039887223], [-104.922686339937, 30.6036980053213], [-104.971673351206, 30.6100190044675], [-105.006588363038, 30.6860650161259], [-105.061771375327, 30.6858500138872], [-105.118304391342, 30.7497310225461], [-105.161399401061, 30.7521380212264], [-105.156200400855, 30.7697780244444], [-105.176610405298, 30.7679800233168], [-105.195200410746, 30.7923090267144], [-105.216753415054, 30.7833900243266], [-105.215026415889, 30.8058980282286], [-105.257169424626, 30.7943590245643], [-105.291804434043, 30.826198028578], [-105.316878438777, 30.8109180249683], [-105.339302445358, 30.8404800290796], [-105.399846459411, 30.8520820285916], [-105.400194461526, 30.8893870348956], [-105.491663484689, 30.942412040126], [-105.501977488368, 30.9677420439775], [-105.557235501799, 30.9896780454058], [-105.604476517473, 31.0837490592748], [-105.741938552345, 31.1646070671019], [-105.772999559306, 31.1667070661551], [-105.782807563207, 31.1974640708802], [-105.869303587456, 31.2889600824835], [-105.937903604213, 31.3182280844432], [-105.953795610385, 31.3647540914839], [-106.004930623213, 31.392461093894], [-106.081674640435, 31.399228091738], [-106.207640671964, 31.4671090975306], [-106.381083725563, 31.7320871333726], [-106.45143974285, 31.7644321355402], [-106.490558750433, 31.7489291312963], [-106.547149766279, 31.8073041382718], [-106.602815779457, 31.8250231386751], [-106.602052780472, 31.8444111418462], [-106.635929789163, 31.866238143869], [-106.62920078877, 31.8837041469906], [-106.645487793225, 31.8986741486819], [-106.611856787229, 31.9200081536283], [-106.62975179152, 31.926572153888], [-106.619578792083, 31.9715821616054], [-106.639545796962, 31.9803481621224], [-106.618495793636, 32.0005001663164], [-106.322967921314, 32.0016371137751], [-106.429250030263, 31.8345248029114], [-106.421751741732, 31.8197715148467], [-106.439469359485, 31.8179886337727], [-106.44229066808, 31.8011878729183], [-106.414426093274, 31.7890824021818], [-106.404421116937, 31.8195130315719], [-106.349552926275, 31.8410524585048], [-106.379186585678, 31.8070663476641], [-106.330256783998, 31.8235414035096], [-106.329877035405, 31.7986267704692], [-106.280955946114, 31.8051580356943], [-106.298237401317, 31.8286935157656], [-106.200211891763, 31.8267473757847], [-106.200778801416, 31.884749557222], [-106.09897433811, 31.8847373947402], [-106.100409452656, 32.0026485959166], [-104.953936159475, 32.0004392806543], [-104.958073145597, 31.9544324357895], [-105.00722118859, 31.9544234046152], [-105.007150847644, 31.9391221460644], [-105.024645628554, 31.9391076402893], [-105.025362295008, 31.8779113570391], [-104.989042105884, 31.8778372816233], [-104.988988078907, 31.8618374599499], [-104.936320842798, 31.8730037511309], [-104.936271254964, 31.8593515628473], [-104.918226015926, 31.8593648876411], [-104.918183644159, 31.8134781999524], [-104.866925606801, 31.7987976767277], [-104.847904645545, 31.8322801031797], [-104.830107533556, 31.8322795169581], [-104.847910509501, 31.8647881636341], [-104.829996475485, 31.8647892534199], [-104.822119331256, 31.8903031210459], [-104.77659871824, 31.8935585625918], [-104.767405385813, 31.9536349850763], [-104.73375125395391, 31.94670553323095], [-104.733812484851, 31.9467481614026], [-104.733833502857, 31.9467627944042], [-104.733856237863, 31.9467836834066], [-104.73391516588, 31.9468398054134], [-104.733954128891, 31.9468849214193], [-104.733986576901, 31.9469244994245], [-104.734146039952, 31.9471749754595], [-104.734195966968, 31.9472476554696], [-104.734216526974, 31.9472784954738], [-104.734241824982, 31.9473110214782], [-104.73426993299, 31.947347160483], [-104.734281061994, 31.9473614694849], [-104.734323339006, 31.9474158244922], [-104.734380559023, 31.9474806745005], [-104.734431863038, 31.9475319795069], [-104.734441594041, 31.9475417105081], [-104.734470856049, 31.9475709725117], [-104.734504094058, 31.9476036075157], [-104.734568941077, 31.9476629835228], [-104.734636167095, 31.9477204035295], [-104.734668507104, 31.9477461715324], [-104.734704809114, 31.9477744065355], [-104.734777288133, 31.9478278125413], [-104.734804168141, 31.9478476195434], [-104.734851294153, 31.9478802515468], [-104.734927198173, 31.9479291815517], [-104.735005048193, 31.9479758345561], [-104.735010111195, 31.9479786505563], [-104.735086278214, 31.9480185475597], [-104.735166387235, 31.9480605085631], [-104.735233471252, 31.9480940515658], [-104.735249329256, 31.9481015865664], [-104.73526655726, 31.9481091175669], [-104.735334005277, 31.9481385985689], [-104.735389049291, 31.9481606355701], [-104.735421972299, 31.9481749495711], [-104.73550589532, 31.9482054675725], [-104.735597448342, 31.9482359845736], [-104.735685186364, 31.9482626875742], [-104.735776739386, 31.948285575574], [-104.735807924393, 31.9482920725738], [-104.735868954408, 31.9483062135734], [-104.735961590429, 31.9483247575724], [-104.736054925451, 31.948340548571], [-104.736130299469, 31.9483509955694], [-104.736150579474, 31.9483542405691], [-104.736242132495, 31.948365684567], [-104.736293595507, 31.948367743565], [-104.736337998517, 31.9483712245636], [-104.736391705529, 31.9483738355617], [-104.736432998538, 31.9483758435603], [-104.739026934126, 31.9484646904607], [-104.739153111155, 31.9484756304571], [-104.739239113176, 31.9484899244556], [-104.739323777196, 31.9485091664551], [-104.739396857214, 31.9485304024555], [-104.739406714216, 31.9485332664555], [-104.739487540236, 31.9485621144568], [-104.739603627265, 31.9486145374605], [-104.739748059303, 31.9486988514683], [-104.739800235317, 31.9487391714727], [-104.739877539338, 31.9488005604796], [-104.73998901837, 31.9489120394934], [-104.73999032837, 31.9489133694935], [-104.740018291379, 31.9489511784987], [-104.740083533399, 31.9490408865108], [-104.740212137441, 31.9492650245428], [-104.740216200443, 31.9492721555438], [-104.740281665464, 31.9493896035606], [-104.740381465498, 31.9495686475863], [-104.740445542519, 31.949679010602], [-104.740513729541, 31.9497875676172], [-104.740585956563, 31.9498942086319], [-104.740661695587, 31.949998233646], [-104.740692208596, 31.9500373096512], [-104.74073966161, 31.9501013716599], [-104.740823584635, 31.9502005546728], [-104.740881195652, 31.9502631746808], [-104.740911645661, 31.9502972546851], [-104.741002259687, 31.9503922406971], [-104.741096371714, 31.9504847197084], [-104.741429516808, 31.9508027547471], [-104.741486726825, 31.9508691827558], [-104.741539185842, 31.9509495947669], [-104.741540479842, 31.9509516287672], [-104.741542352843, 31.9509557427678], [-104.741578894856, 31.9510397877803], [-104.741605597867, 31.9511313407945], [-104.74160923287, 31.9511604237992], [-104.741616472876, 31.9512245608097], [-104.741605565881, 31.9513526908316], [-104.74157192788, 31.9514564098505], [-104.741559651879, 31.9514940308574], [-104.741372900857, 31.95181798592], [-104.741300421848, 31.9519438709443], [-104.741231757841, 31.952073570969], [-104.741184883836, 31.9521761059883], [-104.741170721835, 31.9522070849942], [-104.74111350183, 31.9523406000191], [-104.741094792829, 31.952388710028], [-104.741061043827, 31.9524771670443], [-104.741014850825, 31.9526141690693], [-104.740967995823, 31.9527627620963], [-104.74086902882, 31.9530766221534], [-104.740796637819, 31.9533229691979], [-104.74073416182, 31.9535712812423], [-104.740708708821, 31.9536863782627], [-104.740683316823, 31.953818476286], [-104.740663716825, 31.953920442304], [-104.740619144831, 31.9541782133492], [-104.740601804832, 31.9542680843651], [-104.740586012834, 31.9543499283795], [-104.740567615834, 31.9544287783935], [-104.740546189835, 31.9545206074099], [-104.740499720835, 31.9546900614404], [-104.740446654833, 31.9548581004709], [-104.740432971833, 31.9548963104779], [-104.74038705283, 31.9550245395014], [-104.740333101826, 31.9551589885264], [-104.740320044825, 31.9551901795322], [-104.740247565818, 31.9553503965622], [-104.740192890813, 31.9554652135839], [-104.740171271811, 31.9555106135925], [-104.740140432808, 31.9555669276033], [-104.740084709801, 31.9556706256232], [-104.73999355979, 31.9558263326533], [-104.739929430782, 31.9559273146731], [-104.739896613778, 31.9559798216833], [-104.739830386769, 31.9560754827023], [-104.739793266764, 31.956129550713], [-104.739574141733, 31.9564368487742], [-104.739573200733, 31.9564364167742], [-104.737743696271, 31.9555952457138], [-104.737014523087, 31.9552610846899], [-104.736290972904, 31.9549273116659], [-104.732141112856, 31.9530192855287], [-104.728444888688, 31.9474463427564], [-104.72539690233766, 31.944985355825505], [-104.709701490131, 31.9417536396269], [-104.738144229467, 31.957340924989], [-104.740588695639, 32.0004503921102], [-103.064518996802, 32.0004293237587], [-103.06463405979, 32.9999044949971], [-103.043660124226, 34.0036446643041], [-103.041722324295, 36.500445066638], [-102.71719444742087, 36.4987264221382], [-102.710262244288, 36.4777202222033], [-102.69748537312, 36.4986220462292], [-102.678264838568, 36.49845359731], [-102.678404147381, 36.4846392151266], [-102.619529613438, 36.484199438445], [-102.619146354483, 36.4970713704964], [-102.653436192876, 36.5003786990433], [-100.000414593138, 36.4997082391965], [-102.54161991445, 36.5004342684875], [-102.5891892108, 36.5015701189299], [-102.589425723126, 36.5159439001828], [-102.580186524592, 36.523302452875], [-102.602605505886, 36.5232337875724], [-102.593644777854, 36.5015815626753], [-102.643331221601, 36.5016425948244], [-102.652158433958, 36.516031634582], [-102.679071130325, 36.5161727770527], [-102.670163811496, 36.5305618178307], [-102.688184445398, 36.5378593339386], [-102.679078758039, 36.5016044457592], [-102.89967920154945, 36.500785372187174], [-102.876554237577, 36.5015357703571], [-102.885488261967, 36.5160583241178], [-102.91256499033, 36.5159820285404], [-102.91252774398846, 36.500737666473704], [-103.002375315054, 36.5004040689079], [-103.00234572573, 36.5306070806328], [-102.984254613479, 36.5305923176785], [-102.984170691744, 36.5450309489409], [-103.002338658376, 36.5378765757696], [-103.002338360276, 37.0001561466087], [-94.6179712591435, 36.9989116168157], [-94.6179262190116, 36.4994205274476], [-90.1522860084336, 36.4979567480524], [-90.1596330091881, 36.4803087443406], [-90.1424190037696, 36.4715077434794], [-90.1558100069091, 36.4635607413292], [-90.1339450001165, 36.4536037404665], [-90.1385799985195, 36.4138237326553], [-90.0634029754909, 36.3839637305001], [-90.0824129763056, 36.3219557177407], [-90.0641749698491, 36.3025327148783], [-90.0835349730444, 36.2721287081434], [-90.1168069816779, 36.2637777049815], [-90.1263419818456, 36.2291296978928], [-90.2204930047521, 36.1844436849124], [-90.2353780056739, 36.1394866755923], [-90.3188830252918, 36.0903156622521], [-90.3778960349128, 35.9956896413255], [-89.7331008565137, 36.0006146721288], [-89.7069378492625, 36.0009876734049], [-89.6788268472843, 36.0846426908877], [-89.6005068279867, 36.1205217014409], [-89.5922118277537, 36.1501267075471], [-89.7055308655969, 36.2389897194379], [-89.6952408637082, 36.2527727225714], [-89.6023798367917, 36.2381127240625], [-89.5347508189537, 36.2525797299918], [-89.5394928220319, 36.2773747345542], [-89.6202608478029, 36.3230127395869], [-89.6056738451045, 36.3422407439671], [-89.5318278242868, 36.3392527468345], [-89.5131838205525, 36.3599037516795], [-89.5103858210872, 36.378362755363], [-89.5452608343081, 36.4270857631036], [-89.5197258300402, 36.4670087719683], [-89.5392378377146, 36.497940776991], [-89.4854328226496, 36.4974977794297], [-89.4930878228494, 36.4705067738878], [-89.4719008160007, 36.4575667723932], [-89.4182258039713, 36.4990357828738], [-89.41724544430676, 36.499104409261605], [-89.3658027983963, 36.625132809533], [-89.3262697878115, 36.6318468126795], [-89.2695517674384, 36.5697228034172], [-89.2363137579207, 36.5668878044286], [-89.1591237434488, 36.6663608271536], [-89.2005577598774, 36.7325738379021], [-89.1728927540204, 36.7587778442252], [-89.1182077389247, 36.7623328474834], [-89.1243857423714, 36.7858328516939], [-89.170568756195, 36.7975448517562], [-89.1792067609863, 36.8299028575372], [-89.1381147507212, 36.847329862813], [-89.0989887478751, 36.9582288858497], [-89.1701787715007, 37.0070738917728], [-89.1825737773546, 37.0390078972601], [-89.086717759818, 37.1654579258834], [-89.0001907398867, 37.2247709412945], [-88.9314297206945, 37.2273849450871], [-88.8025596813742, 37.1878679437314], [-88.7293036573486, 37.1429809386645], [-88.6169336235982, 37.1160479388538], [-88.5666536063837, 37.0753999334579], [-88.4601245761804, 37.0745829383277], [-88.4248465719356, 37.1526769549466], [-88.5157636074389, 37.2840989757314], [-88.4740956036942, 37.3918699982379], [-88.4127515887879, 37.4250780074858], [-88.3643955733136, 37.4017610053584], [-88.2816365536336, 37.4527360190104], [-88.0858884993564, 37.4714190318965], [-88.0678494953026, 37.4858740355101], [-88.0629764961014, 37.5150290412975], [-88.1335155206623, 37.5744240492325], [-88.1595955347014, 37.661711064555], [-88.1221565277065, 37.7099650755018], [-88.0593385123127, 37.7429740847777], [-88.0296455080764, 37.7984200967077], [-87.9513904837038, 37.7718020954298], [-87.9073804738286, 37.8071361042416], [-87.9100224773273, 37.8430251109125], [-87.9411824890026, 37.8791641162493], [-87.9038694819025, 37.9255441268183], [-87.8740054731456, 37.9227271277276], [-87.829706456924, 37.8764621211092], [-87.6748564145326, 37.90178813335], [-87.6634474100514, 37.8859201308892], [-87.6794114108683, 37.8366621207784], [-87.6453654003257, 37.8262611204328], [-87.6120693913717, 37.8339621234879], [-87.5839303862381, 37.8724921321511], [-87.62807240274, 37.9228991395974], [-87.5975633979266, 37.9742611507937], [-87.5768213915943, 37.9692721508456], [-87.5565723826738, 37.9286131441107], [-87.5108693678443, 37.9061071420291], [-87.4487893527666, 37.9420661518256], [-87.4122373424661, 37.9446561540658], [-87.2199502799346, 37.8488971450035], [-87.1617092624929, 37.8397711460229], [-87.1302292494942, 37.7873171374941], [-87.1110132435934, 37.7823611374538], [-87.0661112325195, 37.8070611442945], [-87.034171230779, 37.9062721647503], [-86.9198392000832, 37.9363971759084], [-86.8186771756277, 37.9993471927045], [-86.7948981679901, 37.989177191888], [-86.7325681428855, 37.8947531767779], [-86.680402129331, 37.9150841831212], [-86.6471321192381, 37.9087571834725], [-86.6622461194345, 37.8528571720521], [-86.6380141116795, 37.8427791712542], [-86.5991551021402, 37.8655671774441], [-86.588485103216, 37.921353188637], [-86.5070940802977, 37.9299241940942], [-86.525100088365, 37.9680882005613], [-86.5216930927373, 38.0394902143816], [-86.4539080738899, 38.0500882195959], [-86.4310330690396, 38.073783225202], [-86.4628210801904, 38.0994382286081], [-86.4616910814534, 38.1205092326849], [-86.4323490733836, 38.1263432351818], [-86.4018840628854, 38.1043362324128], [-86.3811670587208, 38.1288302380675], [-86.3255560431042, 38.1358162420188], [-86.3258790445724, 38.1540362454845], [-86.3765780604509, 38.1693622460225], [-86.3774150621487, 38.18858124965], [-86.359777057805, 38.1988472524405], [-86.2728520281755, 38.1408422454567], [-86.2784360256743, 38.0860032347048], [-86.2646970193501, 38.0548602293849], [-86.1780309908659, 38.0105182249316], [-86.094606966494, 38.0088162284914], [-86.0391149466619, 37.958968221486], [-86.0283179460678, 37.9933362285982], [-85.9471189233119, 38.0050922346277], [-85.9256589183016, 38.0217912388354], [-85.9049949173361, 38.0898252528722], [-85.9062489235553, 38.1682682678672], [-85.84438591022, 38.2310552827861], [-85.8292209092103, 38.2765152921985], [-85.7813138961286, 38.2885272967363], [-85.7432178834083, 38.2672902944479], [-85.6792178670162, 38.2980163033182], [-85.6069588564755, 38.4385813335832], [-85.5057998288251, 38.4646713432991], [-85.4697238215981, 38.508883353432], [-85.4233948097534, 38.5318523599848], [-85.4159818099919, 38.5636613664035], [-85.456917831546, 38.6887243883055], [-85.4354138283308, 38.729101396994], [-85.268445780109, 38.7400984069402], [-85.2130577604093, 38.695460401037], [-85.1730527480751, 38.6880294014922], [-84.9919317016278, 38.7785444272122], [-84.9417646866173, 38.7756894290098], [-84.8872896719999, 38.7947834351913], [-84.8139426496095, 38.7850504367501], [-84.829972657806, 38.8305804446886], [-84.785279648406, 38.8804324562724], [-84.8772806778084, 38.9094874575032], [-84.8300536686991, 38.9725674717056], [-84.8973406951374, 39.0574274846446], [-84.7488696582148, 39.147700508732], [-84.6187386139214, 39.0733385007407], [-84.4524745681544, 39.1192405172285], [-84.4262605552973, 39.0530495058653], [-84.3482085309678, 39.0377905065871], [-84.3060785161727, 39.0077605028162], [-84.2887815070811, 38.9556514936711], [-84.2340314859749, 38.8914144839149], [-84.2317464808509, 38.8323084727001], [-84.2131194733392, 38.8058424684806], [-84.0707834284409, 38.7704214681909], [-83.9618463973432, 38.7874994764404], [-83.8702033681668, 38.7615394756106], [-83.8361963547834, 38.7173084686278], [-83.7843903378463, 38.6965884669729], [-83.7691243302562, 38.6550824596452], [-83.6687222982931, 38.6265494586459], [-83.6482902925963, 38.631825460585], [-83.6255342892596, 38.6788834707121], [-83.5207592598096, 38.7031014801033], [-83.4681372421042, 38.6754834771168], [-83.3625572092706, 38.6570664782673], [-83.2930231841566, 38.5967714696597], [-83.2452261721943, 38.6287184779906], [-83.2014491582559, 38.6167374776066], [-83.142657141294, 38.62510348184], [-83.1120621355191, 38.6718504922815], [-83.0540221198368, 38.6950754993667], [-83.0302071149411, 38.7259545064191], [-82.971622097492, 38.7271725092519], [-82.8858080738019, 38.7550865184715], [-82.8422170488053, 38.5885844879811], [-82.7964420332014, 38.561943484789], [-82.6982890025083, 38.5437774855328], [-82.6036129681941, 38.459540473163], [-82.5981249586002, 38.345940451098], [-82.5717599487023, 38.3172024465847], [-82.5830389506632, 38.2968144420855], [-82.5745219458716, 38.2645124360916], [-82.6122199552024, 38.2363044289093], [-82.5982989497257, 38.2173684257757], [-82.6116049505294, 38.1713464161241], [-82.644542959962, 38.1652564135062], [-82.6365769557029, 38.1380274084729], [-82.5498529250596, 38.0694593986315], [-82.5191969112303, 38.0011383864031], [-82.4645698937185, 37.9838833853046], [-82.5022019015279, 37.9330593736136], [-82.4806608946214, 37.9261763731606], [-82.4744108909814, 37.8999623682147], [-82.4629948885718, 37.9148273716543], [-82.419932873674, 37.8848773675209], [-82.4075168687781, 37.8673043645479], [-82.4246268735014, 37.8614563626603], [-82.4013258630485, 37.809519353296], [-82.3867288592677, 37.8182323556485], [-82.3238898375856, 37.7750023496686], [-82.3333838397193, 37.7644213471569], [-82.3119898333149, 37.7643273480367], [-82.3341778385148, 37.7427783428004], [-82.2963788245153, 37.7021923362715], [-82.3043178251594, 37.6761003307183], [-82.2360698036638, 37.6596413302749], [-82.2145027949561, 37.625407324313], [-82.1872317869039, 37.6269913257665], [-82.1911197892263, 37.644593329134], [-82.1750787846413, 37.6478393304531], [-82.18120178474, 37.6215173249196], [-82.1642497795888, 37.6202973253803], [-82.1568547755658, 37.5927303201552], [-82.1273437663324, 37.5865523201402], [-82.1449177703518, 37.5676623156165], [-82.1320887655139, 37.5523733130764], [-82.0751827487173, 37.5558603161351], [-82.046158738211, 37.5279473117211], [-82.0423247383862, 37.5482323159607], [-82.011172728062, 37.5328883141608], [-81.9650637149431, 37.5434183181837], [-82.3490038118088, 37.2679822468106], [-81.9680157154772, 37.5380423169797], [-81.92624670138, 37.5135813137748], [-81.9960787195579, 37.4715333024252], [-81.9870097157654, 37.454885299442], [-81.9356246993208, 37.4384042982295], [-81.9262726913392, 37.3579432823589], [-81.8604926689635, 37.3159492765495], [-81.8499526638472, 37.285234270757], [-81.7571406354867, 37.2761542726915], [-81.7401276279541, 37.2377592655901], [-81.723064623019, 37.2405002668383], [-81.6720796052985, 37.2017442610272], [-81.554708570528, 37.2079972670358], [-81.5076395580372, 37.2337192741653], [-81.4990995570046, 37.2579592794392], [-81.4801475508892, 37.2511282788139], [-81.4160325330705, 37.2736332859727], [-81.3644955216598, 37.3380033011325], [-81.2251074733043, 37.2348812857418], [-81.1041504398024, 37.2806122998959], [-80.9441763926546, 37.2965823095269], [-80.8494543672557, 37.3469163235578], [-80.8832503797544, 37.3839403297579], [-80.859460375436, 37.4294983399809], [-80.7651673434919, 37.3733823323018], [-80.2589222042889, 37.5955063975936], [-80.2209871948035, 37.6277744056585], [-80.2675072100527, 37.6461634075621], [-80.2961462216278, 37.6923714158192], [-80.2522302105045, 37.7272684246456], [-80.2574142138893, 37.7560914302891], [-80.2166082027618, 37.7759684359398], [-80.2276932075071, 37.7978994399468], [-80.1622051925047, 37.8751294581931], [-79.9993861506003, 37.9949154888924], [-79.9264001354808, 38.1065505143339], [-79.9452611428653, 38.1322465187637], [-79.918665136204, 38.154797524368], [-79.9200781384091, 38.1825365298987], [-79.7889481039435, 38.2687105524692], [-79.8101571128567, 38.3067145592628], [-79.7644351021052, 38.3565215710921], [-79.7256000907156, 38.3638355741112], [-79.7295150930304, 38.3812015774407], [-79.6896700840988, 38.4314695891161], [-79.6975750901236, 38.4872305999724], [-79.6621770811141, 38.5152246069941], [-79.669778085719, 38.5503236137114], [-79.6490780820669, 38.591522622777], [-79.5368730450822, 38.5509246191509], [-79.4766410205968, 38.4572356027746], [-79.3597535437052, 38.4244522508258], [-79.3240615321505, 38.5084494831065], [-79.2526428056134, 38.5918806946647], [-79.2440063244138, 38.6299017026212], [-79.2233687361887, 38.6315882737778], [-79.1517287054562, 38.7131500619369], [-79.1058031575891, 38.7941645389429], [-79.0572559115402, 38.7614206803314], [-79.0549569124057, 38.7857206852763], [-79.0272559042997, 38.7921206876529], [-78.993999897825, 38.8501097005452], [-78.8947218627813, 38.7807596906257], [-78.80753611063, 38.946392157129], [-78.7862958698612, 38.9430123352958], [-78.7033945580296, 39.0468825232558], [-78.6488365433855, 39.0807495321491], [-78.6160155319851, 39.0613515295882], [-78.5565285143253, 39.0724605341455], [-78.540789521537, 39.0890465820656], [-78.5636243025259, 39.1033669910126], [-78.5607553262886, 39.1287190941648], [-78.5428795140137, 39.1325915466402], [-78.5352124324082, 39.1596948223269], [-78.4899164971531, 39.1405675503149], [-78.4753787545079, 39.1074767723085], [-78.4036997362226, 39.1674587870548], [-78.4386977490485, 39.1981007917621], [-78.3996717399496, 39.243881802386], [-78.4194247469549, 39.2574838043039], [-78.3392867280853, 39.348612825521], [-78.3668697373372, 39.3592978265453], [-78.3432167319413, 39.3888148333189], [-78.3599207384509, 39.409035836655], [-78.3408397360259, 39.4620628478839], [-77.8283015555905, 39.1324338025008], [-77.7306995369552, 39.3156108427621], [-77.6768125207645, 39.3245658466254], [-77.6159125004064, 39.3025558445954], [-77.5666004852803, 39.3060548471897], [-77.543088475472, 39.2669238402987], [-77.4579104463291, 39.2254538352903], [-77.5276824629433, 39.1446658164871], [-77.5206704593001, 39.1214428121115], [-77.4854034475692, 39.1093178110311], [-77.4609734378228, 39.0750638051036], [-77.3046643877139, 39.0513778062851], [-77.2465703679922, 39.0249678031788], [-77.2557533694123, 39.0017567981707], [-77.235198361428, 38.9760877937864], [-77.1487753338475, 38.9650437948133], [-77.1197613229284, 38.9343507897229], [-77.0408843021414, 38.9958528050545], [-76.9093952548784, 38.8928597892039], [-77.0404672894634, 38.7904127636405], [-77.0433462859992, 38.7184477489734], [-77.122634308642, 38.6852637393086], [-77.1296843077787, 38.6347117288012], [-77.2463643415205, 38.5934487160962], [-77.3185443567392, 38.4744446892441], [-77.319938353975, 38.4212026783601], [-77.2765833355624, 38.3378886629857], [-77.1632213008994, 38.3458306687874], [-77.1382262944606, 38.3679236742163], [-77.0842402777645, 38.3687466763699], [-77.0415072663999, 38.40069968446], [-77.0114662555205, 38.3744326802018], [-77.0281332566102, 38.3053246654715], [-76.9620882332798, 38.2569716579905], [-76.9490222263843, 38.2084256485196], [-76.8393701897611, 38.1636166433063], [-76.6054321162966, 38.1489406487268], [-76.5961581109863, 38.1066836403631], [-76.5364590906266, 38.0749106359548], [-76.5166110817154, 38.0267906267389], [-76.46501006492, 38.0132276257777], [-76.4129360460885, 37.9663396179395], [-76.3333740200572, 37.9429636159215], [-76.2364599867845, 37.8866126076657], [-76.0520229331929, 37.9535856280236], [-75.9436948990694, 37.9461406302678], [-75.9526738996787, 37.9068346217996], [-75.8012418528371, 37.912181628176], [-75.7616438421174, 37.9413736356112], [-75.7046358250916, 37.954705640354], [-75.6477018069205, 37.9469706407166], [-75.6244508022757, 37.9942026513255], [-75.166436661122, 38.0278416740236], [-75.3031336935239, 37.8381766298834], [-75.3601267097893, 37.810193622106], [-75.417074728137, 37.8210576224306], [-75.4609347391159, 37.7713636105655], [-75.5417807553752, 37.6061525732674], [-75.5299027490238, 37.5567245633141], [-75.5891117632162, 37.4778645447554], [-75.6040277648705, 37.4220315325185], [-75.6434577745018, 37.3728715208414], [-75.6443877731625, 37.3422775143703], [-75.7155167917087, 37.2756944979319], [-75.7292727928608, 37.2169084850666], [-75.7660508009912, 37.1549394707355], [-75.8896778340033, 37.054522445316], [-75.928308839847, 36.9381864193594], [-75.8746488131538, 36.7443123799432], [-75.7974987793736, 36.5509233412101], [-75.7113207375767, 36.2501702794435], [-75.4376186284939, 35.7469671791673], [-75.4001206087378, 35.5754181428603], [-75.4261366078323, 35.3869301006764], [-75.4876866173057, 35.1850010542583], [-75.5321776301449, 35.1671560489221], [-75.5953706502885, 35.1828340503938], [-75.749848695533, 35.1362190352361], [-75.88396173422, 35.0839750194641], [-75.9853527620126, 35.0139840007961], [-76.0244317735786, 35.0053709976543], [-76.3157328519622, 34.7760369376663], [-76.4390028832849, 34.6402949036414], [-76.4831848928757, 34.5563668835887], [-76.5148689015556, 34.5351488778666], [-76.5720679193325, 34.5425508777021], [-76.6147239358492, 34.6182848931745], [-76.692801960795, 34.6429568961605], [-76.9046300248075, 34.6323458870269], [-77.160578099665, 34.5690328647616], [-77.5161641987794, 34.3824498118995], [-77.6910952453284, 34.2457507758764], [-77.7855572682573, 34.1251777459937], [-77.8942482896602, 33.8786616874715], [-77.8966612862057, 33.7875536669952], [-77.953850301867, 33.7528846573993], [-77.9997123163466, 33.7671366591284], [-78.0128623219971, 33.8038696669345], [-78.0665833402244, 33.847991675083], [-78.1453553646472, 33.862740675845], [-78.3412104232854, 33.8552996678572], [-78.4993034688683, 33.8128586532598], [-78.6958555251278, 33.7528666334838], [-78.8085565555951, 33.6808446137375], [-78.9105435819227, 33.5893575899771], [-79.0344986129179, 33.4568405562968], [-79.0875836247735, 33.3692935349536], [-79.0933146235404, 33.3049585203279], [-79.1202196289363, 33.2469385064241], [-79.0816366156014, 33.2073354987558], [-79.0822316141466, 33.1713314906314], [-79.1808736407318, 33.1075344731008], [-79.202965645711, 33.0717134643198], [-79.2733756655937, 33.046565456397], [-79.322259676105, 32.9560844344193], [-79.3712996902629, 32.9457234305145], [-79.4401837113897, 32.9589224312912], [-79.4959477267744, 32.9315784233368], [-79.5346917355475, 32.8700184082003], [-79.6378237638395, 32.8163833927894], [-79.6918957773663, 32.7592463781487], [-79.7600767966981, 32.7382633712286], [-79.7982578052498, 32.6756383558448], [-79.9679258506441, 32.5637153251007], [-80.0888798858595, 32.5490353179242], [-80.121461893304, 32.4991983055978], [-80.1988419160956, 32.4962473024647], [-80.2430769281383, 32.4724552956658], [-80.2572839306923, 32.4351742867657], [-80.3748279613712, 32.3424592620034], [-80.3923299638121, 32.2803232473433], [-80.4968149933622, 32.2502052371919], [-80.5664520105127, 32.1723752173035], [-80.6647230382057, 32.1426132074289], [-80.7482050602804, 32.0844961915752], [-80.7429610572122, 32.0495411837892], [-80.7829630666705, 31.9959601703305], [-80.7962750687507, 31.9534651602309], [-80.8553420842989, 31.9108151486531], [-80.9285921018119, 31.8169881249521], [-80.9707291134038, 31.7983591193804], [-81.0138151230832, 31.7286491021125], [-81.0566261350745, 31.7148810976296], [-81.0497921319461, 31.6886390918453], [-81.0870701361284, 31.5291640541809], [-81.1907611611194, 31.3998820213199], [-81.1710921541149, 31.3703290151377], [-81.187678153819, 31.2462639860939], [-81.2343401643554, 31.1702639671619], [-81.2964201817833, 31.1518859610347], [-81.2858841769525, 31.109449951571], [-81.2978771792957, 31.0809579446332], [-81.3453091922968, 31.0593679382113], [-81.3534191937604, 31.0371269328317], [-81.3107121796368, 30.9973349249335], [-81.3048351768361, 30.9707799189727], [-81.3452101870573, 30.9315089086732], [-81.3626851887094, 30.8459318883387], [-81.4004851965672, 30.7664318687803], [-81.3591491835954, 30.7443198648852], [-81.3470181787751, 30.7124498578484], [-81.3808701852875, 30.6273508370678], [-81.377677181078, 30.5444658178755], [-81.353577170197, 30.4466657957884], [-81.3169001579592, 30.4077267877737], [-81.3353841615554, 30.3612977763869], [-81.3306301577726, 30.2994867620723], [-81.1864020952594, 29.7600856393359], [-80.9068389914399, 29.1447115006398], [-80.5229758608345, 28.6082433816306], [-80.4686078401108, 28.4630833478325], [-80.481211842565, 28.4255163383833], [-80.5194308526208, 28.3910893290374], [-80.5440018558976, 28.2710972992195], [-80.4997758367243, 28.0772382530515], [-80.3325287778482, 27.7611621797312], [-80.2223977360036, 27.4469621049303], [-80.0391046699837, 27.0298580057178], [-79.9743086441797, 26.7924199479188], [-79.9824786402922, 26.5692518917918], [-80.067687647192, 25.9023997216599], [-80.0586566417254, 25.7943166944281], [-80.0912256493783, 25.7219076753393], [-80.103575650886, 25.6400906542705], [-80.0602406378316, 25.6253876514401], [-80.0438166318445, 25.5791236400017], [-80.0658116374929, 25.5481806316558], [-80.1156736519065, 25.5413976288847], [-80.1417596568394, 25.4347156011372], [-80.1164136488468, 25.4116075957639], [-80.1126146468289, 25.3753955865943], [-80.159464658758, 25.3043335674701], [-80.2262296778434, 25.2869795616644], [-80.2431706820116, 25.2553795532389], [-80.2308246773579, 25.2129965426499], [-80.2497756820717, 25.1794835336874], [-80.2972486955163, 25.1621645282899], [-80.3418667067461, 25.0884045084995], [-80.3904377201692, 25.0571934995246], [-80.3996607220472, 25.023582490726], [-80.4391037329414, 24.9979934833756], [-80.4628887388696, 24.9559414721175], [-80.5143457535142, 24.9406324671644], [-80.6404307878375, 24.8384384384446], [-80.7710948241886, 24.7659554172654], [-80.8522308474093, 24.7489354113028], [-81.0597389051186, 24.6358683782309], [-81.147688930984, 24.6490683799047], [-81.3748039951121, 24.5714923556039], [-81.465091020864, 24.5528583490818], [-81.5146180354951, 24.5647613511735], [-81.5278550390659, 24.5532833479777], [-81.5256740372163, 24.5004303344769], [-81.6102620606655, 24.454312321031], [-81.730116094826, 24.4307023126867], [-81.7628731047373, 24.449647316913], [-81.7708101081157, 24.4968763288517], [-81.7923651143227, 24.495617328115], [-81.7818101104741, 24.4609313194396], [-81.8007001151671, 24.4271443104262], [-81.9205591491225, 24.3963123002441], [-81.9744711652596, 24.4208263054894], [-81.9744121663936, 24.4712133183763], [-82.0342751839449, 24.4825003201115], [-82.067174194393, 24.5237193300052], [-82.1133282071317, 24.4982483226137], [-82.1922952301369, 24.5076853235021], [-82.218967238627, 24.5422143317935], [-82.2102422372361, 24.5908473443569], [-82.137575217383, 24.6387193579659], [-82.0817342011916, 24.6356383582693], [-82.0266461846322, 24.6076703522111], [-81.9452471621943, 24.6539583656015], [-81.8664261396285, 24.6633093695256], [-81.4998110379282, 24.8510664246432], [-81.4142970138424, 24.8807154339062], [-81.3582209971226, 24.8617204301734], [-81.2208989576133, 24.8763414366362], [-81.1324319302386, 24.8058394203635], [-81.0966579199245, 24.8092604219457], [-81.0644729101403, 24.7911204179374], [-80.8880238604357, 24.8590684388281], [-80.8994808640357, 24.8702284414586], [-80.9487848780604, 24.8568174370466], [-80.9795358873598, 24.8717074402475], [-80.9939788924868, 24.9104584498735], [-81.0515079105176, 24.9647114625905], [-81.0984919266394, 25.0664754876162], [-81.1901799549172, 25.1335155028381], [-81.2340469701475, 25.2345265276336], [-81.1960799621757, 25.3570625595294], [-81.2057119663239, 25.4107555729464], [-81.3472340131788, 25.6367316271342], [-81.3930040268772, 25.6528676302343], [-81.445146044203, 25.737580650475], [-81.5736980832406, 25.8050486646918], [-81.588098087542, 25.8099266656078], [-81.6363361004768, 25.7702276545917], [-81.6876161153475, 25.7709166536635], [-81.7181421247671, 25.7930376585645], [-81.8011391524606, 25.9317316915552], [-81.8010441535569, 25.9738327020997], [-81.850343170215, 26.0628767232895], [-81.8678851794104, 26.2143877607177], [-81.9187191979106, 26.3519647938329], [-81.9781292164208, 26.3996968043539], [-82.0689012418674, 26.3713227952536], [-82.1122242545636, 26.3777597958722], [-82.2364562932275, 26.47730481773], [-82.2818493100982, 26.6101948495568], [-82.3247183242647, 26.6729148640496], [-82.317933324079, 26.7344068793717], [-82.3383223319603, 26.8033228958725], [-82.4998233856163, 27.0437229510896], [-82.5647434091912, 27.2056049891247], [-82.6162684253696, 27.2494929985881], [-82.6317904312317, 27.2951030093328], [-82.8153804915414, 27.5359630633703], [-82.8236724956051, 27.5894260761217], [-82.8057034942269, 27.7093891056086], [-82.8750035168849, 27.7943481243829], [-82.9081055287515, 27.8671321410961], [-82.8781085258361, 28.0428251841553], [-82.8960395318464, 28.068687189907], [-82.9079155400338, 28.2128172241827], [-82.8789285331138, 28.2555332351759], [-82.8195575161398, 28.2592582376236], [-82.795279510501, 28.2997692479656], [-82.800271513786, 28.3547372609939], [-82.7461985013987, 28.4493152850416], [-82.7481915051206, 28.5416923070508], [-82.7273955009716, 28.5955923204645], [-82.7880105223783, 28.7093073459205], [-82.8136765329625, 28.800627366932], [-82.7944875294039, 28.8568943808117], [-82.8082475345463, 28.8902323883447], [-82.8530485486349, 28.923371394974], [-82.8447705479764, 28.9720894067395], [-82.8666025568902, 29.0455294235125], [-82.9500815820475, 29.0760644284173], [-83.0147265996048, 29.046338419607], [-83.0760036170881, 29.0418244168441], [-83.1440836377984, 29.0728454222739], [-83.1718096498689, 29.1859264481366], [-83.2397706717689, 29.2502454613502], [-83.2386826735977, 29.308615475086], [-83.2976926919522, 29.3460804822032], [-83.3084836964223, 29.3830234905541], [-83.3433997070093, 29.3977654930134], [-83.3602237130852, 29.4310885003331], [-83.4448607390135, 29.4739905079437], [-83.4636017466803, 29.534806521606], [-83.4645137499059, 29.6133245398898], [-83.6093117947377, 29.6984215554918], [-83.6390018048564, 29.7400505642964], [-83.6473148094394, 29.7971445773032], [-83.7191738331256, 29.8761625934994], [-83.8590428752855, 29.9283966014396], [-83.8841768835556, 29.955558606966], [-83.9241058953186, 29.9636446076442], [-84.0434349325083, 30.0397606216239], [-84.1093559509208, 30.0280896169611], [-84.1336039566295, 29.9969586090686], [-84.1846179706769, 29.9830746043453], [-84.2513229902636, 29.9959746053152], [-84.2652799935844, 29.9790506010037], [-84.2591179901545, 29.9367715914577], [-84.3112340019283, 29.8573265716037], [-84.3765800201008, 29.8447625667643], [-84.4468640407129, 29.8587375678892], [-84.4733190474125, 29.8370675621121], [-84.5128490584931, 29.8320475597789], [-84.5422900644557, 29.7698025445699], [-84.6499510936252, 29.7309385324231], [-84.7357541151627, 29.6563805127056], [-84.9274801663375, 29.569633487058], [-85.0553982013697, 29.5359584755322], [-85.2348502557232, 29.6250044907006], [-85.2920202722104, 29.6322784906708], [-85.3360582835927, 29.6041744829128], [-85.3816882968534, 29.6128584835487], [-85.4340433141703, 29.6766924966165], [-85.4692993282713, 29.7813225194922], [-85.4738823324047, 29.8527545356655], [-85.4462933265202, 29.9010385475169], [-85.5400353541361, 29.9280085508143], [-85.6325413837816, 30.0142605676105], [-85.7374304152019, 30.0578205742775], [-85.9425314785065, 30.1892025976658], [-86.1847645504863, 30.2779716100979], [-86.3975086123468, 30.3253596140352], [-86.6458656829911, 30.3461786108204], [-86.8818807482399, 30.3246105984817], [-87.2212458407, 30.2672935748662], [-87.2964618619203, 30.2726955736678], [-87.51835092193, 30.2295115569633], [-87.8071580000205, 30.1773835361441], [-87.9874140500521, 30.1778955304848], [-88.0461090649092, 30.1446945212462], [-88.1285030888912, 30.1720835246698], [-88.1620270993648, 30.2000985297896], [-88.3030281374211, 30.1779675203578], [-88.347724150291, 30.1900935215951], [-88.384436159086, 30.1585485134473], [-88.4612881797986, 30.1466915083549], [-88.5458602044114, 30.1766585122353], [-88.7652922654376, 30.1899465080559], [-88.8213922820554, 30.2173755122602], [-88.9003353017234, 30.1699854992887], [-88.8890352973239, 30.1398504930351], [-89.0964813554095, 30.1658344920052], [-88.8549182877594, 30.1355374931914], [-88.7672822571338, 29.9820784622114], [-88.7672602512059, 29.8407764309947], [-88.8234352614411, 29.7149974013781]]]}}, {"type": "Feature", "properties": {"GACCAbbreviation": "SWCC", "DispUnitIDs": ["USAZFDC", "USAZPDC", "USAZPHC", "USAZSDC", "USAZTDC", "USAZWDC", "USNMABC", "USNMADC", "USNMSDC", "USNMSFC", "USNMTDC"]}, "geometry": {"type": "Polygon", "coordinates": [[[-104.738144229467, 31.957340924989], [-104.709701490131, 31.9417536396269], [-104.72539690233766, 31.944985355825505], [-104.724227630534, 31.9440412693708], [-104.724225832533, 31.9440398173706], [-104.724347902563, 31.9440703353704], [-104.724439958586, 31.9441196503746], [-104.72445382459, 31.9441269683752], [-104.724492739599, 31.9441402303757], [-104.724570613618, 31.9441667693767], [-104.724684057646, 31.9442095293789], [-104.724756799664, 31.9442345053799], [-104.724798037675, 31.9442496263806], [-104.724843537686, 31.9442628363809], [-104.724915651703, 31.9442852403814], [-104.725418934825, 31.9444335253841], [-104.725698305893, 31.9445166553858], [-104.726368948056, 31.9447227553908], [-104.726480319083, 31.9447569813917], [-104.726512525091, 31.944767928392], [-104.727255940273, 31.9450183314013], [-104.728021021462, 31.9452981714146], [-104.728462948572, 31.9454663224233], [-104.728925280686, 31.9456422384325], [-104.729031951712, 31.9456810544342], [-104.729073073723, 31.9456946804347], [-104.729139163739, 31.9457182844358], [-104.729209603756, 31.945737716436], [-104.729249472766, 31.9457496634362], [-104.729360090792, 31.9457793814363], [-104.729405804803, 31.9457902754361], [-104.729471042819, 31.9458060224359], [-104.729492055824, 31.9458102254357], [-104.729585483846, 31.9458289104347], [-104.729696109872, 31.945847984433], [-104.729791154894, 31.9458638244315], [-104.729812167899, 31.9458669814311], [-104.729926983926, 31.9458809464284], [-104.729973893936, 31.945885322427], [-104.730043247952, 31.9458899464247], [-104.730157687979, 31.945897575421], [-104.730882481144, 31.9459357223954], [-104.731050328182, 31.9459509813906], [-104.73121271522, 31.9459768163878], [-104.731217469221, 31.9459775723877], [-104.731250498229, 31.9459844493874], [-104.73138030826, 31.9460114793862], [-104.731386568262, 31.9460131583862], [-104.731540931299, 31.9460545713863], [-104.731644904324, 31.9460889713875], [-104.731698826337, 31.9461073833882], [-104.731859043377, 31.9461684183915], [-104.731938690397, 31.9461959883926], [-104.732057070426, 31.9462389563946], [-104.732178894456, 31.9462791363959], [-104.732257630475, 31.9463051053968], [-104.732460667524, 31.946365515398], [-104.73260700956, 31.9464044393981], [-104.732665954574, 31.9464201173981], [-104.732729953589, 31.9464351623978], [-104.732873262623, 31.9464688503971], [-104.733048629665, 31.9465047553954], [-104.733082361673, 31.9465116613951], [-104.73311188168, 31.9465172823948], [-104.733434711756, 31.9465787523908], [-104.733476592766, 31.9465895533908], [-104.733522251777, 31.9465994793905], [-104.733632878804, 31.9466414413926], [-104.733660969812, 31.9466564903939], [-104.733738886831, 31.9466969233973], [-104.73375125395391, 31.94670553323095], [-104.767405385813, 31.9536349850763], [-104.77659871824, 31.8935585625918], [-104.822119331256, 31.8903031210459], [-104.829996475485, 31.8647892534199], [-104.847910509501, 31.8647881636341], [-104.830107533556, 31.8322795169581], [-104.847904645545, 31.8322801031797], [-104.866925606801, 31.7987976767277], [-104.918183644159, 31.8134781999524], [-104.918226015926, 31.8593648876411], [-104.936271254964, 31.8593515628473], [-104.936320842798, 31.8730037511309], [-104.988988078907, 31.8618374599499], [-104.989042105884, 31.8778372816233], [-105.025362295008, 31.8779113570391], [-105.024645628554, 31.9391076402893], [-105.007150847644, 31.9391221460644], [-105.00722118859, 31.9544234046152], [-104.958073145597, 31.9544324357895], [-104.953936159475, 32.0004392806543], [-106.100409452656, 32.0026485959166], [-106.09897433811, 31.8847373947402], [-106.200778801416, 31.884749557222], [-106.200211891763, 31.8267473757847], [-106.298237401317, 31.8286935157656], [-106.280955946114, 31.8051580356943], [-106.329877035405, 31.7986267704692], [-106.330256783998, 31.8235414035096], [-106.379186585678, 31.8070663476641], [-106.349552926275, 31.8410524585048], [-106.404421116937, 31.8195130315719], [-106.404710610305, 31.7915520930125], [-106.44229066808, 31.8011878729183], [-106.322967921314, 32.0016371137751], [-106.37717474212714, 32.001508198722625], [-106.377174741122, 32.0011731772672], [-106.618495793636, 32.0005001663164], [-106.639545796962, 31.9803481621224], [-106.619578792083, 31.9715821616054], [-106.62975179152, 31.926572153888], [-106.611856787229, 31.9200081536283], [-106.645487793225, 31.8986741486819], [-106.62920078877, 31.8837041469906], [-106.635929789163, 31.866238143869], [-106.602052780472, 31.8444111418462], [-106.602815779457, 31.8250231386751], [-106.547149766279, 31.8073041382718], [-106.528056760707, 31.78389613532], [-108.20849412065, 31.7837030605641], [-108.208480093662, 31.3333779898306], [-109.050043269416, 31.332352953277], [-111.074990680456, 31.3323458648981], [-113.961598833645, 32.2348919466412], [-114.813703468602, 32.4940738510694], [-114.80568947074, 32.5463368582064], [-114.79141946883, 32.5564658602202], [-114.79281946999, 32.5695288618345], [-114.813945473349, 32.562217859843], [-114.799413472799, 32.5926228644817], [-114.808451476317, 32.619430867482], [-114.763795469815, 32.6434078727975], [-114.719508466976, 32.7187438847142], [-114.733457934469, 32.7178202838944], [-114.735141788033, 32.8345290538004], [-114.503713599559, 32.8356772896766], [-114.50413221484, 32.9643646942498], [-114.53878122122, 32.9642546924632], [-114.539196022514, 33.0226655359486], [-114.573459228819, 33.0225555151736], [-114.573246404719, 33.0078950013034], [-114.678315251113, 33.0226696927972], [-114.678411893186, 33.0372180406523], [-114.695545237319, 33.0370246567454], [-114.695888562522, 33.0664626784874], [-114.717411265093, 33.0749819704635], [-114.704574647112, 33.2569297182908], [-114.739494389527, 33.2569801264688], [-114.739453281716, 33.286553723222], [-114.756507191839, 33.2864688733162], [-114.755698216288, 33.3747496585336], [-114.773058922491, 33.3749998176481], [-114.774899299252, 33.4337627399709], [-114.691344280893, 33.4335510443768], [-114.691183160989, 33.4484588822708], [-114.656178274563, 33.4486229081499], [-114.65627486401, 33.5070907885407], [-114.603313505267, 33.5072094923787], [-114.604119277386, 33.5593557319333], [-114.569623280063, 33.5598251628378], [-114.572475500621, 33.6904785731927], [-114.54646227689, 33.6913717847098], [-114.538225277289, 33.7161897882871], [-114.544341298192, 33.9684778206812], [-114.513102402563, 33.9829056872108], [-114.514835440241, 34.0125573208323], [-114.253933009022, 34.2879251068849], [-114.245353751781, 34.2677568008362], [-114.245260296503, 34.3258279441245], [-114.262825072782, 34.325930940148], [-114.263130251209, 34.3548463487512], [-114.280565328444, 34.3547204627513], [-114.29776580804, 34.3838619354223], [-114.403121106614, 34.3838179624554], [-114.406608164051, 34.4418210604746], [-114.425724192592, 34.4417528863797], [-114.42604458666, 34.4780191148654], [-114.460980324142, 34.4780548888792], [-114.447888083299, 34.5928009888373], [-114.448351132599, 34.6072571125981], [-114.466128058902, 34.6073251015847], [-114.467215352293, 34.6924952580328], [-114.543994359445, 34.7269419168273], [-114.578922109452, 34.7685111559011], [-114.600785379753, 34.8299039241447], [-114.662355391229, 34.8658952399404], [-114.662172497237, 34.9242419310611], [-114.697402326984, 34.9385626497318], [-114.69757671984, 34.9825510220665], [-114.720879415131, 34.9824450526785], [-114.685669061034, 35.0442878572626], [-114.633498630685, 35.0018621751959], [-114.634743633699, 35.0337391789973], [-114.602919630865, 35.0685931851175], [-114.64516364188, 35.1050001870281], [-114.578274631599, 35.1288151938963], [-114.568792064625, 35.1716319236575], [-114.53474039827, 35.1824469720024], [-114.534763400828, 35.211247884496], [-114.509029397311, 35.2254039787532], [-114.518436634586, 35.420882689842], [-114.568103959788, 35.4207224698123], [-114.567203737251, 35.4607767956903], [-114.58879302027, 35.4609522703993], [-114.588688120278, 35.5052180227264], [-114.622761002599, 35.5052828706571], [-114.624798011912, 35.5919890179244], [-114.57273506028, 35.5922217431428], [-114.572498573437, 35.8527789472855], [-114.581920882133, 35.8947101046857], [-114.601650501816, 35.8949237264796], [-114.602215077632, 35.9236369558536], [-114.619373587845, 35.9239383158163], [-114.619236270771, 36.0182470749973], [-114.549244477699, 36.0280128155564], [-114.548977474227, 35.98153406706], [-114.530941470858, 35.9813740681723], [-114.53084246695, 35.9403430633027], [-114.406063443738, 35.9406370711412], [-114.388324964518, 35.9521690006271], [-114.388324967259, 35.9811034830804], [-114.367588278405, 35.9812865894014], [-114.367695439067, 35.966951076683], [-114.334957341934, 35.9667754817109], [-114.334965430347, 35.9393970754361], [-114.299389421798, 35.9404769477877], [-114.298939420752, 35.909074074053], [-114.121013387435, 35.9093680851737], [-114.121120390913, 35.9672408881376], [-114.032085582557, 35.9819007774674], [-114.031948258872, 35.9960681051847], [-114.014049375547, 35.9965531023627], [-114.013729260333, 36.0265670750024], [-113.97896498954951, 36.02795795049656], [-113.980369079203, 36.1121854714119], [-113.935123602964, 36.1257606638962], [-113.935047376077, 36.1583881668311], [-113.773428470287, 36.1665988130173], [-113.761635893511, 36.1400729045496], [-113.730573454298, 36.1471710653653], [-113.732229520049, 36.0993991094675], [-113.715931986137, 36.0907898834453], [-113.71939907442, 36.1078420242979], [-113.70567618634, 36.1028568525545], [-113.716252229354, 36.1134044231707], [-113.704595380436, 36.1164926852781], [-113.716397864386, 36.123931275439], [-113.700129044216, 36.1335362186276], [-113.697592455351, 36.1190514480288], [-113.683539537291, 36.1254294746866], [-113.695338606886, 36.1081855768509], [-113.665740944195, 36.1179421218955], [-113.686340376559, 36.1017071216288], [-113.687190944786, 36.0708756768274], [-113.637793685151, 36.1207490339925], [-113.647098270776, 36.0456603902678], [-113.636336999348, 36.0521751557349], [-113.62163285789, 36.0135122399385], [-113.64418784248, 35.9743511607514], [-113.594181269311, 36.0202969974804], [-113.608681795459, 36.0138466417876], [-113.597128088501, 36.0375088923979], [-113.616614883182, 36.0266805918589], [-113.624134997073, 36.0420984392697], [-113.591886622498, 36.0585393352922], [-113.619903286154, 36.0725083232416], [-113.59834491647, 36.0768918091264], [-113.617305393921, 36.0857634160195], [-113.577296121902, 36.0709766367231], [-113.603902862629, 36.0989834974705], [-113.572488669475, 36.0971501212172], [-113.576030323959, 36.0846315414683], [-113.560020847206, 36.0877474058516], [-113.550817018493, 36.0671202739098], [-113.544229313155, 36.0767748145012], [-113.540923608242, 36.0632611190574], [-113.55829592902, 36.0576660552871], [-113.537748996935, 36.0030248038891], [-113.517638768901, 36.0220532534726], [-113.538864779046, 36.0231135042777], [-113.529417529272, 36.0339527521934], [-113.541360223885, 36.0480760241743], [-113.529602162269, 36.0546633367146], [-113.523279431533, 36.0385098781343], [-113.51825475653, 36.0591340689709], [-113.50675039424, 36.0475612942744], [-113.474765549493, 36.093434335888], [-113.459557041479, 36.0712122521202], [-113.477206347699, 36.0696464298244], [-113.487229278012, 36.0316653925475], [-113.473335709264, 35.9988853603959], [-113.489258448764, 35.9931816257047], [-113.482661253359, 35.9597730280165], [-113.497354737237, 35.9499431398969], [-113.496028856172, 35.9731980828326], [-113.541091857787, 35.9628756517642], [-113.551171229585, 35.9403111333726], [-113.529689705243, 35.9589210279886], [-113.53303545228, 35.941893086693], [-113.513877503945, 35.9452378132932], [-113.522311845677, 35.9146025360102], [-113.490122200859, 35.9179743464201], [-113.484784640539, 35.9360779789751], [-113.470096305203, 35.9197199848762], [-113.475710647864, 35.89931956052], [-113.43503075666, 35.8999331876142], [-113.441961353124, 35.8693236214154], [-113.462426455606, 35.8755132929127], [-113.448463338943, 35.8540751021348], [-113.466509487511, 35.8554206151862], [-113.472170367769, 35.8358631704276], [-113.452163379821, 35.8451798368102], [-113.418820029373, 35.8335264844297], [-113.424117349597, 35.8680319773588], [-113.401693133286, 35.9105446549856], [-113.3775264362, 35.916228975183], [-113.397425492342, 35.9411882690246], [-113.414406633573, 35.9303852626413], [-113.408218233076, 35.9056614849798], [-113.423044624921, 35.9058024770791], [-113.422420110035, 35.9189838697409], [-113.44987517664, 35.9121846482028], [-113.450182823683, 35.9333679137892], [-113.438517348958, 35.928052146859], [-113.456352784143, 35.9895451513074], [-113.433286180346, 35.974746733925], [-113.422941777586, 35.9876629041557], [-113.44118903217, 36.0416490906453], [-113.42753662566, 36.0637984802141], [-113.409227236209, 36.0537463511253], [-113.403340616558, 36.0798321546932], [-113.337980348644, 36.0965725968377], [-113.34816473992, 36.1105188409123], [-113.381586315761, 36.0941833678149], [-113.353449289492, 36.126915298593], [-113.366380554776, 36.1458791811067], [-113.383055268837, 36.1340439576098], [-113.369637264787, 36.149949630401], [-113.389321646759, 36.1625667587094], [-113.368501186289, 36.1574734793941], [-113.404898593501, 36.191435144261], [-113.350323647883, 36.1582441976306], [-113.328958691548, 36.1137365545106], [-113.291972453203, 36.111017182493], [-113.30150508924, 36.1342337917487], [-113.273365037916, 36.1244731283131], [-113.262869134783, 36.1021863822285], [-113.231413956013, 36.10497480554], [-113.241881558366, 36.1191177756264], [-113.223748148329, 36.1132691500416], [-113.192001232118, 36.1750282416373], [-113.181805840136, 36.1643260239596], [-113.177522285771, 36.1795988721094], [-113.142621936328, 36.1824127246483], [-113.146700961043, 36.2234600314478], [-113.16795194644, 36.2266796055057], [-113.178878716156, 36.2746764257156], [-113.168419602991, 36.3248855825399], [-113.093029421484, 36.3249935083274], [-113.093020426681, 36.2959813747595], [-113.04841404408, 36.2959813765783], [-113.039492772968, 36.3540146362884], [-113.021560288912, 36.3685207042106], [-113.021569284315, 36.382954824986], [-113.039510760777, 36.3829368368447], [-113.025694913924, 36.4118897272815], [-112.708452705439, 36.4118785964293], [-112.708487745675, 36.4553608028181], [-112.63136568193, 36.4786747336152], [-112.64761159967, 36.4947879735798], [-112.665735051944, 36.4819252808308], [-112.648347337374, 36.5005289442446], [-112.670988968202, 36.5456194413845], [-112.629069751086, 36.6071538976795], [-112.641270319434, 36.6473349848623], [-112.595107258953, 36.6728391259806], [-112.564800377509, 36.7179071535004], [-112.505295296986, 36.72909541872], [-112.477631039925, 36.7125312984523], [-112.360008716974, 36.71362679616], [-112.35991286923, 36.7365197490105], [-112.333148243982, 36.736603490745], [-112.333179366152, 36.7583490634452], [-112.306169000841, 36.7583219751836], [-112.306187954461, 36.7945828396881], [-112.288142142361, 36.8090796526549], [-112.270138215362, 36.8743561119238], [-112.252110881812, 36.8743411930913], [-112.252109584737, 36.9034162366986], [-112.063674717551, 36.903468918938], [-112.081641879846, 36.7910286337374], [-112.054583575383, 36.7295104907783], [-112.018555429387, 36.7005025174515], [-111.99354179495, 36.5120330943124], [-111.8930590241, 36.5021965894363], [-111.927199906817, 36.460484451991], [-111.878507068001, 36.4999906840782], [-111.76505197089, 36.6170151551162], [-111.823474810101, 36.6129362768789], [-111.781977802377, 36.6182549521954], [-111.745884499235, 36.6695394429933], [-111.794612984076, 36.6507367245026], [-111.717572167437, 36.6983573774521], [-111.717273771798, 36.7228757635753], [-111.697461359755, 36.7320161520011], [-111.74307768749, 36.728482823632], [-111.72722031216, 36.7368421817052], [-111.741141667749, 36.7451065888577], [-111.710919167102, 36.7387551069918], [-111.668024987322, 36.7566286300037], [-111.659804029347, 36.7734178826567], [-111.680391258218, 36.7811429003126], [-111.65096505527, 36.7803352310997], [-111.652966680008, 36.8038869449517], [-111.616661788235, 36.8488203819718], [-111.582497814005, 36.8648092491962], [-111.569735125212, 36.8423345791728], [-111.546674400628, 36.8426007636909], [-111.566310626677, 36.8739022003906], [-111.505873656633, 36.8743868493483], [-111.510341285701, 36.8961317698161], [-111.496795158988, 36.8961319966902], [-111.470692699115, 36.9396164948863], [-111.42093435487, 36.9269783444996], [-111.440745755556, 36.9639625929083], [-111.397927853798, 36.9523589842073], [-111.379536010998, 36.9811504190504], [-111.326561656203, 36.9498024754959], [-111.318643560355, 36.9372803394146], [-111.331517169884, 36.9267004022375], [-111.3144297931, 36.9132295976253], [-111.28077896615, 36.9114208425644], [-111.284759243574, 36.8976348905506], [-111.26290066090228, 36.88897040116224], [-111.278995739529, 36.8987843970683], [-111.27420668493, 36.9124435671183], [-111.305461308627, 36.9165320286242], [-111.324141417986, 36.9524909099941], [-111.40569080926, 37.0010983868845], [-111.32443005301, 37.0118140045126], [-111.282830067766, 36.9832681455798], [-111.303025211638, 37.011158448817], [-111.286500462264, 37.0106789078271], [-111.293503463866, 37.0225044288756], [-111.276426598478, 37.0329119493054], [-111.270086838379, 37.0049166341581], [-111.238665162299, 36.9974614512445], [-111.239704740169, 36.984147307482], [-111.228339552681, 36.9921204372327], [-111.210861729733, 36.967982790287], [-111.207157183675, 36.9848035146708], [-111.250056066524, 37.0166273989454], [-111.230514966327, 37.0140572968847], [-111.219168778514, 37.0385933777425], [-111.194767975071, 37.0135759721391], [-111.185095109462, 37.0268921794622], [-111.131552512028, 36.990865406333], [-111.146865226528, 37.0148100273984], [-111.207882783295, 37.0391500415454], [-111.186442774282, 37.0422392803294], [-111.186752740099, 37.0694981347787], [-111.19898440255, 37.0693272569624], [-111.168709600894, 37.0935662970135], [-111.150119538282, 37.0653224366263], [-111.149146589377, 37.087967600573], [-111.117479246853, 37.0867321804739], [-111.101932227479, 37.0547660104076], [-111.108384660216, 37.0689511037981], [-111.094286715656, 37.0718229400796], [-111.118242135284, 37.099328884029], [-111.06813077103, 37.0981445731358], [-111.073916696356, 37.079927729436], [-111.058659655984, 37.0672125458033], [-111.058582541141, 37.0985710928108], [-111.023124981076, 37.1095649435185], [-111.00908967043, 37.0818772198934], [-111.014234647562, 37.1123945684578], [-110.975987574795, 37.1122397489241], [-110.983888517418, 37.0828139606486], [-110.976725300921, 37.092255247321], [-110.960270265791, 37.0745174881191], [-110.976019085815, 37.0926224394139], [-110.974438456563, 37.12292131239], [-110.932694512331, 37.1055074488755], [-110.94434202404, 37.1385078753399], [-110.924708950745, 37.1354547302266], [-110.941559980067, 37.1443342252657], [-110.922047021746, 37.1703086508564], [-110.906749925118, 37.165177551197], [-110.921272127809, 37.1724715391833], [-110.884973607448, 37.1725905975637], [-110.866453275991, 37.1952507576697], [-110.87223701686, 37.1529221358757], [-110.864328757066, 37.1805891019323], [-110.854746787462, 37.1643094374723], [-110.837264356297, 37.177983736362], [-110.812783889502, 37.1502853584052], [-110.782659448733, 37.1735648623512], [-110.765494645594, 37.1573877793917], [-110.76802444836, 37.1697015958079], [-110.739380281348, 37.1679834554508], [-110.723614604312, 37.1894126312293], [-110.690153957986, 37.1450771807048], [-110.70145799416, 37.1733497926071], [-110.678039469629, 37.1659329441759], [-110.646209197514, 37.199246214533], [-110.65139897368, 37.2199218388544], [-110.670699917556, 37.2192829915143], [-110.659222241062, 37.2374205755934], [-110.705604937834, 37.2501758692033], [-110.701519253651, 37.2663164835404], [-110.656479134388, 37.2558913721452], [-110.60257158468, 37.2000701074794], [-110.564595837814, 37.2089371470937], [-110.575586462904, 37.1975359479086], [-110.559161936793, 37.1803086697545], [-110.55712837608, 37.2167381505855], [-110.515605080124, 37.2122849437137], [-110.522507585798, 37.2246644218619], [-110.501532046558, 37.2546621340983], [-110.460253579939, 37.2629407298582], [-110.420734977378, 37.2388918583259], [-110.406324979635, 37.2900059098718], [-110.348388026179, 37.2846404909582], [-110.311992681854, 37.3057927520705], [-110.283986712969, 37.2850616532117], [-110.232906616287, 37.2933092286109], [-110.206860509466, 37.3182655845481], [-110.15128208721, 37.3203700174472], [-110.153422749027, 37.3044739342413], [-110.114497549577, 37.2906707919809], [-110.0723103567, 37.2399948101168], [-110.048322197441, 37.2469185285776], [-110.032663640215, 37.2174902537479], [-110.014574631636, 37.2289846144231], [-110.004412907729, 37.2012995664593], [-109.985323182131, 37.2147009924495], [-109.950474447103, 37.1671135414661], [-109.931898252972, 37.1742464286017], [-109.940274968754, 37.1548609395163], [-109.8887963619, 37.1828637305169], [-109.898461370949, 37.1535264450383], [-109.836718612007, 37.1423476045471], [-109.829496338933, 37.1664579511869], [-109.851953481457, 37.1948183224677], [-109.83304666501, 37.1797520607073], [-109.800797965448, 37.1910688512783], [-109.7682859187, 37.1812912830886], [-109.747634472846, 37.2154186299185], [-109.726392393979, 37.1911981150974], [-109.71242101832, 37.2135132379421], [-109.621102040026, 37.2407218784322], [-109.599471718984, 37.2651734980601], [-109.475957117188, 37.2852521707052], [-109.331276163164, 37.2686093098447], [-109.331287593023, 37.3165921942201], [-109.353960646258, 37.331107655679], [-109.39481803172, 37.3201413625789], [-109.394699849753, 37.3600468408737], [-109.453361595056, 37.360068722069], [-109.437398911665, 37.3890355719354], [-109.421963256427, 37.3890253169375], [-109.403741075537, 37.4470025627854], [-109.367374781905, 37.4470366241603], [-109.367379373394, 37.4615406770771], [-109.349181884573, 37.4615588152662], [-109.349185115086, 37.4470595023486], [-109.304447087679, 37.4470250562584], [-109.304462517168, 37.4615167991759], [-109.277232044438, 37.4615066079492], [-109.27721629995, 37.4470213110312], [-109.240851440294, 37.4470080383969], [-109.240845302808, 37.4324945304719], [-109.191231062358, 37.4325093327], [-109.186580296414, 37.403489488145], [-109.204704158232, 37.4034709019661], [-109.222584454042, 37.3744687269507], [-109.045648237247, 37.3599880264772], [-109.045182710031, 36.9989827750352], [-108.536221556148, 36.9993552462931], [-108.5416118462406, 36.84968504850145], [-108.246462856761, 36.8506871110547], [-108.2508683432, 36.9997210713301], [-106.698093795746, 36.9928705933171], [-103.002338360276, 37.0001561466087], [-103.00230164161968, 36.530642064532415], [-102.984170695744, 36.5450302689408], [-102.984254613479, 36.5305923176785], [-103.00230163888092, 36.53060704465645], [-103.00229931508, 36.5008930689888], [-103.041726324289, 36.5003660666254], [-103.041358258666, 35.73943894658], [-103.043776146111, 34.3026537137134], [-103.064518996802, 32.0004293237587], [-104.740588695639, 32.0004503921102], [-104.738144229467, 31.957340924989]]]}}]}